Symbol,Name,Last Sale,Net Change,% Change,Market Cap,Country,IPO Year,Volume,Sector,Industry,currentPrice,adr_pct_20_days,volume_dollars_1day,price_growth_one_month,move_higher_3_months_percent,avg_volume_10_days,volume_cal
CYTHW,Cyclo Therapeutics Inc. Warrant,$0.29,0.00,0.00%,6592397.0,United States,,4,Health Care,Biotechnology: Biological Products (No Diagnostic Substances),0.2579,5.92836699444006,4.270000100135803,2.3282443781386992,38.09523843313292,350.0,600.0
LIDRW,AEye Inc. Warrant,$0.0072,0.00,0.00%,45154.0,United States,2021.0,6144,Consumer Discretionary,Auto Parts:O.E.M.,0.014,46.62946745695184,18.480000160634518,2.0,136.00001415610345,113800.0,5151.0
INO,Inovio Pharmaceuticals Inc. Common Stock,$11.25,-0.26,-2.259%,262916606.0,United States,,934693,Health Care,Medical/Dental Instruments,10.72,10.474129688383682,21784.379896640778,1.699788568590303,130.76924330932744,734680.0,131331.0
MIMO,Airspan Networks Holdings Inc. Common Stock,$0.115,-0.017,-12.879%,8583473.0,United States,2020.0,821188,Consumer Discretionary,Telecommunications Equipment,0.1146,10.199320789499811,224784.4141741097,1.687999963760376,37.34940288980205,417470.0,107406.0
XBIOW,Xenetic Biosciences Inc. Warrants,$14.70,0.00,0.00%,22648055.0,United States,,435,Health Care,Biotechnology: Pharmaceutical Preparations,14.07,5.094824963706879,34.80000114440918,1.6571429116385323,267.4999952316284,540.0,3.0
COOLW,Corner Growth Acquisition Corp. Warrant,$0.111,-0.0001,-0.09%,0.0,United States,2021.0,4362,Finance,Blank Checks,0.12,24.93664364829291,13.53400033712387,1.6144579329880393,100.0,32620.0,14798.0
SAVAW,Cassava Sciences Inc. Warrant,$4.8701,-0.4299,-8.111%,210511100.0,United States,,47014,,,4.68,14.276122366597566,41061.32966423035,1.6086206236010379,43.283591862111784,104010.0,81204.0
SLDB,Solid Biosciences Inc. Common Stock,$12.23,0.83,7.281%,246770091.0,United States,2018.0,537547,Health Care,Biotechnology: Biological Products (No Diagnostic Substances),13.36,11.353821065627434,19666.800926208496,1.500000044151588,170.52238132115028,394950.0,183797.0
NEXI,NexImmune Inc. Common Stock,$6.09,0.21,3.571%,6443981.0,United States,2021.0,44027,Health Care,Biotechnology: Pharmaceutical Preparations,5.6,11.290982743549716,16233.0,1.4462809461394712,124.73462635680809,148850.0,73631.0
MPU,Mega Matrix Corp. Common Stock,$2.40,-0.08,-3.226%,76139114.0,United States,1998.0,424239,Consumer Discretionary,Diversified Commercial Services,2.9,9.495487586385476,34559.259898900986,1.4424778779733618,110.96551135604098,294550.0,916978.0
BTCY,Biotricity Inc. Common Stock,$1.22,-0.11,-8.271%,11295928.0,United States,,40803,Health Care,Medical/Dental Instruments,1.54,16.377281376177997,41.19999885559082,1.4206895689901955,54.28572174643207,113250.0,134324.0
EDUC,Educational Development Corporation Common Stock,$2.07,0.31,17.614%,17742152.0,United States,,259896,Consumer Discretionary,Consumer Specialties,1.87,10.04295717672241,1264.419977903366,1.4044117253905353,105.0434728412413,55910.0,11842.0
GXAI,Gaxos.ai Inc. Common Stock,$8.04,2.72,51.128%,7946479.0,United States,2023.0,43476950,Technology,Computer Software: Prepackaged Software,6.71,34.048939721230866,19158.238534312248,1.3701658216637753,63.970592703923856,4642593.0,73133.0
AENT,Alliance Entertainment Holding Corporation Class A Common Stock,$1.47,-0.03,-2.00%,74868232.0,United States,,5302,Consumer Discretionary,Durable Goods,1.54,16.37595477657463,508.0800132751465,1.3644859500718096,80.72289520016712,29270.0,1773.0
BFRG,Bullfrog AI Holdings Inc. Common Stock,$3.58,-0.32,-8.205%,21818826.0,United States,2023.0,478191,Technology,Retail: Computer Software & Peripheral Equipment,3.74,11.150316868704024,1870449.3989300728,1.3360655059590638,31.40350915351697,312160.0,31871.0
LBPH,Longboard Pharmaceuticals Inc. Common Stock,$19.96,0.96,5.053%,476190690.0,United States,2021.0,711725,Health Care,Biotechnology: Pharmaceutical Preparations,20.48,8.110009297298637,111938.26139831543,1.323402032328631,269.1489394980714,727070.0,121652.0
LVO,LiveOne Inc. Common Stock,$1.87,0.015,0.809%,171396137.0,United States,,314019,Consumer Discretionary,Restaurants,1.88,8.555928419281011,2781.030089735985,1.3039216350839957,83.79629031743556,354580.0,212881.0
ACMR,ACM Research Inc. Class A Common Stock,$28.75,-0.60,-2.044%,1756481710.0,United States,2017.0,966015,Technology,Industrial Machinery/Components,28.63,8.301652019633154,217755.77025604248,1.303184670893975,44.289546369078,1752730.0,2179964.0
AAME,Atlantic American Corporation Common Stock,$2.79,0.03,1.087%,56922384.0,United States,,11954,Finance,Life Insurance,2.68,5.98315160846703,213.03000926971436,1.301980266967436,37.931034077766974,5670.0,1141.0
LTRY,Lottery.com Inc. Common Stock,$2.58,-0.06,-2.273%,,United States,2023.0,3793,Technology,Computer Software: Prepackaged Software,2.4,8.497562044835005,547.5199756622314,1.2896173987712845,60.98611244945609,19090.0,7491.0
QUIK,QuickLogic Corporation Common Stock,$17.19,-0.47,-2.661%,239115083.0,United States,1999.0,349854,Technology,Semiconductors,19.14,7.671274898775193,23898.599678993225,1.286231871225633,32.29014847914593,390120.0,496528.0
GRTS,Gritstone bio Inc. Common Stock,$2.36,-0.15,-5.976%,231434802.0,United States,2018.0,1273471,Health Care,Biotechnology: Biological Products (No Diagnostic Substances),2.47,11.472254544983818,46375.64879536629,1.266009837174202,48.900009497006984,1537500.0,948539.0
SGHT,Sight Sciences Inc. Common Stock,$4.37,0.00,0.00%,213036958.0,United States,2021.0,84531,Health Care,Medical Specialities,4.71,6.475658256174954,12416.650229930878,1.256097613453228,47.32142749438882,139020.0,17275.0
COCH,Envoy Medical Inc. Class A Common Stock,$5.86,-1.74,-22.895%,114562895.0,United States,2021.0,248177,Finance,Blank Checks,3.66,44.47937061897138,420.26400089263916,1.247222175311161,56.35317398520253,378520.0,336109.0
NTRP,NextTrip Inc. Common Stock,$4.41,4.41,,4129656.0,United States,,222276,,,4.75,16.45193283369033,1189.2499840259552,1.2456140600376484,48.14189771520901,173390.0,24159.0
ABEO,Abeona Therapeutics Inc. Common Stock,$8.23,0.05,0.611%,203884399.0,United States,,251751,Health Care,Biotechnology: Pharmaceutical Preparations,6.99,9.705722379129567,3955.0,1.2437811004286672,57.62712686303671,478940.0,433659.0
WHLRP,Wheeler Real Estate Investment Trust Inc. Class B Preferred Stock,$1.58,0.16,11.268%,107477474.0,United States,,8474,Real Estate,Real Estate Investment Trusts,1.75,6.071303323084765,8.27999997138977,1.2432432229251273,34.469689820150215,5260.0,1200.0
ROOT,Root Inc. Class A Common Stock,$46.77,3.06,7.001%,682842000.0,United States,2020.0,440858,Finance,Property-Casualty Insurers,59.13,20.06427474253758,8411.039855957031,1.2340720368879123,386.13204646085177,827410.0,787054.0
STRM,Streamline Health Solutions Inc. Common Stock,$0.491,0.031,6.739%,28885265.0,United States,,18925,Technology,EDP Services,0.6251,13.885000542738313,337.0599957704544,1.2258064268034778,85.9687496565748,43050.0,66054.0
CELU,Celularity Inc. Class A Common Stock,$5.79,-0.105,-1.781%,126122765.0,United States,2019.0,46067,Health Care,Biotechnology: Pharmaceutical Preparations,5.6,14.655711819968564,14013.510272741318,1.2249999751647322,180.05318509784956,150220.0,119274.0
STRC,Sarcos Technology and Robotics Corporation Common Stock,$1.49,0.01,0.676%,38591000.0,United States,,319557,Industrials,Wholesale Distributors,1.3,35.58389725231819,759.8289986848831,1.2244444747618695,174.26470439997098,934490.0,2958575.0
CCLD,CareCloud Inc. Common Stock,$1.32,0.05,3.937%,20952518.0,United States,2014.0,45541,Technology,Computer Software: Prepackaged Software,1.245,7.320337792743836,242.8799991607666,1.221238938986681,51.182923240047465,48290.0,4672.0
ARMP,Armata Pharmaceuticals Inc. Common Stock,$3.45,-0.20,-5.479%,124705680.0,United States,,7918,Health Care,Biotechnology: Biological Products (No Diagnostic Substances),3.44,9.515678104299807,425.10001039505005,1.2149532862992654,62.39316631194261,10900.0,10515.0
SEZL,Sezzle Inc. Common Stock,$58.35,-0.54,-0.917%,328695586.0,United States,,42407,Finance,Diversified Financial Services,59.19,15.740013132356756,43089.34071350098,1.2121013086255688,228.89474567614104,49740.0,24642.0
TNYA,Tenaya Therapeutics Inc. Common Stock,$5.41,-0.14,-2.523%,368480613.0,United States,2021.0,430108,Health Care, Medicinal Chemicals and Botanical Products ,4.82,9.99449167643136,35515.589292526245,1.2120252593914849,81.1023611699857,828420.0,567388.0
AVTE,Aerovate Therapeutics Inc. Common Stock,$26.98,2.84,11.765%,746506571.0,United States,2021.0,104171,Health Care,Biotechnology: Pharmaceutical Preparations,26.39,10.510983871953595,7621.520172119141,1.210872206386519,38.4486215738747,123940.0,53712.0
CMPX,Compass Therapeutics Inc. Common Stock,$2.19,0.12,5.797%,279195054.0,United States,,497123,Health Care,Biotechnology: Pharmaceutical Preparations,2.25,9.732685586644507,5693.43994140625,1.2086956647934222,36.250002142041886,355090.0,104252.0
KORE,KORE Group Holdings Inc. Common Stock,$0.72,-0.06,-7.692%,62431619.0,United States,,107591,Consumer Discretionary,Telecommunications Equipment,0.838,14.573612784198776,476.28000926971436,1.2054120429385105,63.56877611719381,77310.0,11658.0
SIGA,SIGA Technologies Inc. Common Stock,$6.45,1.13,21.241%,458540923.0,United States,,4969397,Health Care,Biotechnology: Pharmaceutical Preparations,7.95,5.400711856377294,13640.6703042984,1.2042253142759665,45.4545392728939,1411240.0,807260.0
WORX,SCWorx Corp. Common Stock,$1.76,-0.29,-14.146%,2131422.0,United States,2016.0,258939,Consumer Discretionary,Services-Misc. Amusement & Recreation,1.88,20.962933433862887,28.770000100135803,1.2017544052277247,98.20359448139496,1050440.0,73453183.0
PACK,Ranpak Holdings Corp Class A Common Stock,$6.86,0.23,3.469%,566672145.0,United States,2018.0,2429744,Consumer Discretionary,Containers/Packaging,7.36,8.494984453639344,16204.150469303131,1.197402661742239,40.431524214918475,1938090.0,431001.0
DNMR,Danimer Scientific Inc. Common Stock,$1.57,-0.09,-5.422%,160195369.0,United States,2020.0,492272,Industrials,Major Chemicals,1.1,14.035352069429097,17395.220498144627,1.1933333200878573,32.241735012402756,1018530.0,650482.0
EFTR,eFFECTOR Therapeutics Inc. Common Stock,$10.88,-0.27,-2.422%,32596480.0,United States,2021.0,127487,Health Care,Biotechnology: Pharmaceutical Preparations,11.87,12.152701162701618,10365.119888305664,1.1932584652529283,35.13513513513514,210880.0,44278.0
MEDS,TRxADE HEALTH Inc. Common Stock,$25.94,-7.96,-23.481%,31257908.0,United States,,247540,Health Care,Other Pharmaceuticals,19.5,24.102326769884066,334.4000072479248,1.1924119314734616,185.2291955497896,1192150.0,72545.0
DGLY,Digital Ally Inc. Common Stock,$2.52,-0.10,-3.817%,7057895.0,United States,,13969,Technology,Radio And Television Broadcasting And Communications Equipment,2.67,7.931932172015155,61.18999695777893,1.1920903490582735,31.527099208086216,24970.0,699.0
APEI,American Public Education Inc. Common Stock,$12.80,0.53,4.319%,224068416.0,United States,2007.0,121124,Real Estate,Other Consumer Services,12.36,8.646164440888215,20729.27986907959,1.190147820464179,46.84684452477647,278210.0,48575.0
MNPR,Monopar Therapeutics Inc. Common Stock,$0.7521,-0.0739,-8.947%,11181019.0,United States,2019.0,304793,Health Care,Biotechnology: Pharmaceutical Preparations,0.67,26.2390022675282,334.33701238036156,1.1877023652532295,124.44444334065477,459570.0,827496.0
JANX,Janux Therapeutics Inc. Common Stock,$39.92,1.09,2.807%,2062269595.0,United States,2021.0,308679,Health Care,Biotechnology: Pharmaceutical Preparations,38.81,17.54824063331546,11618.0,1.1874197747492259,267.92715816007285,542560.0,194711.0
KRYS,Krystal Biotech Inc. Common Stock,$179.35,0.40,0.224%,5074280680.0,United States,2017.0,464865,Health Care,Biotechnology: Biological Products (No Diagnostic Substances),168.53,6.877355880943048,251781.6131591797,1.1864235040732265,44.41366343706249,588510.0,94199.0
SSNT,SilverSun Technologies Inc. Common Stock,$14.42,0.35,2.488%,76650678.0,United States,,94229,Technology,EDP Services,14.56,8.748903268347807,22118.189638137817,1.1835871516345429,45.198329417428425,77900.0,16451.0
ELUT,Elutia Inc. Class A Common Stock,$2.99,0.17,6.028%,72577547.0,United States,2020.0,13228,Health Care,Medical Specialities,3.39,8.708738755280754,1368.570003271103,1.182222225047924,78.03030613186088,14370.0,4598.0
CCCC,C4 Therapeutics Inc. Common Stock,$10.73,-0.03,-0.279%,736085178.0,United States,2020.0,2166717,Health Care,Biotechnology: Pharmaceutical Preparations,8.19,10.481689536653803,249396.0835609436,1.181999969482422,93.39206622785045,3527990.0,1093477.0
CTMX,CytomX Therapeutics Inc. Common Stock,$2.10,-0.05,-2.326%,142215482.0,United States,2015.0,665437,Health Care,Biotechnology: Pharmaceutical Preparations,2.02,11.726288455309097,4086.4099880456924,1.1811594209158227,55.24822291495127,1236160.0,460830.0
AXTI,AXT Inc Common Stock,$4.73,0.23,5.111%,206437600.0,United States,1998.0,758813,Technology,Semiconductors,4.85,14.111357094320255,1258.75004529953,1.177777820163303,95.16129497434788,980070.0,317450.0
PWFL,PowerFleet Inc. Common Stock,$3.56,0.40,12.658%,132475802.0,United States,,1490084,Telecommunications,Telecommunications Equipment,3.92,5.970767398593635,6027.83981180191,1.1748251812377242,61.89515466155425,767490.0,429174.0
CLSD,Clearside Biomedical Inc. Common Stock,$1.63,-0.01,-0.61%,101726452.0,United States,2016.0,849994,Health Care,Biotechnology: Pharmaceutical Preparations,1.56,12.273602997239808,4486.619867324829,1.172727212630029,57.48792732356478,1104620.0,185557.0
AEON,AEON Biopharma Inc. Class A Common Stock,$12.69,0.29,2.339%,471555324.0,United States,,123978,Health Care,Biotechnology: Pharmaceutical Preparations,16.29,11.528985934739055,2366.9999599456787,1.1723625325593692,145.84745559292395,132500.0,102012.0
ICU,SeaStar Medical Holding Corporation Common Stock,$0.89,-0.12,-11.881%,32911954.0,United States,2021.0,5060163,Health Care,Biotechnology: Pharmaceutical Preparations,0.818,18.65567346829775,48286.37875914574,1.1719298091511534,89.93134349753913,4393870.0,1017947.0
AEVA,Aeva Technologies Inc. Common Stock,$1.03,-0.07,-6.364%,230148872.0,United States,2020.0,1689879,Consumer Discretionary,Auto Parts:O.E.M.,1.01,12.081463738262466,10803.618042869568,1.1712658414808605,43.806478647658416,439742.0,278170.0
DSP,Viant Technology Inc. Class A Common Stock,$10.66,-0.26,-2.381%,669754912.0,United States,2021.0,120368,Technology,EDP Services,10.04,7.711002799561939,17082.040699005127,1.1677105650855517,41.9377596005629,242420.0,96914.0
NXGL,NexGel Inc Common Stock,$2.82,-0.04,-1.399%,16123714.0,United States,2021.0,69093,Health Care,Medical/Dental Instruments,2.78,9.801703832037866,66.975998878479,1.166829275894846,30.013833554366087,51000.0,2333.0
SKGRW,SK Growth Opportunities Corporation Warrant,$0.42,-0.0723,-14.686%,0.0,United States,2022.0,8459,Finance,Blank Checks,0.43,13.810900734652654,21.630000092089176,1.1666666977107532,921.7391258573938,21170.0,1000.0
TCRX,TScan Therapeutics Inc. Common Stock,$6.71,-0.05,-0.74%,321289535.0,United States,2021.0,75479,Health Care,Biotechnology: Pharmaceutical Preparations,6.83,8.218890884452934,3465.769914150238,1.1616379356855588,43.87755211270484,116380.0,46275.0
LQDA,Liquidia Corporation Common Stock,$14.73,0.75,5.365%,956057941.0,United States,2018.0,919250,Health Care,Biotechnology: Pharmaceutical Preparations,15.56,5.035206334095199,135783.2636165619,1.160216088357456,103.92902946593814,1050250.0,287790.0
AWH,Aspira Women's Health Inc. Common Stock,$3.67,0.01,0.273%,37936181.0,United States,,16821,Health Care,Biotechnology: In Vitro & In Vivo Diagnostic Substances,3.65,8.406530104277522,2109.580018043518,1.1554404557920985,34.600753148847524,19020.0,63688.0
CRVO,CervoMed Inc. Common Stock,$16.99,-0.58,-3.301%,96410095.0,United States,,7957,Health Care,Biotechnology: Pharmaceutical Preparations,21.99,12.949055413114019,771.9000158309937,1.1538461174394248,217.102077089507,19960.0,16314.0
EQ,Equillium Inc. Common Stock,$2.63,0.10,3.953%,92363622.0,United States,2018.0,97491,Health Care,Biotechnology: Pharmaceutical Preparations,2.64,16.21527274202368,1298.119973897934,1.1527777087909232,276.05636013899806,171050.0,55416.0
IONM,Assure Holdings Corp. Common Stock,$0.48,0.06,14.286%,3225821.0,United States,,2475364,Health Care,Medical/Dental Instruments,0.628,17.92046166518999,2526.5500458329916,1.1500000037252902,78.50000810250658,5062280.0,531612.0
NRBO,NeuroBo Pharmaceuticals Inc. Common Stock,$4.47,-0.40,-8.214%,21686496.0,United States,2016.0,316780,Health Care,Biotechnology: Pharmaceutical Preparations,4.34,10.014819240441565,632.6999855041504,1.14827579799929,34.61538343975055,89900.0,36280.0
TCRT,Alaunos Therapeutics Inc. Common Stock,$1.63,-0.02,-1.212%,26148141.0,United States,,25551,Health Care,Biotechnology: Pharmaceutical Preparations,1.75,13.148898473743609,2536.1999328136444,1.146496746611552,148.96000226338703,67570.0,28466.0
GOSS,Gossamer Bio Inc. Common Stock,$1.43,0.03,2.143%,322582618.0,United States,2019.0,1426035,Health Care,Biotechnology: Pharmaceutical Preparations,1.38,10.774278871397836,6314.460034608841,1.1462450605301264,55.55555702727521,1565850.0,607358.0
MAPS,WM Technology Inc. Class A Common Stock ,$0.8847,0.0457,5.447%,132145419.0,United States,2019.0,273887,Consumer Discretionary,Other Consumer Services,1.02,6.924353858367982,2910.072058200836,1.1453855983424635,33.72972838002632,345250.0,267117.0
CYCCP,Cyclacel Pharmaceuticals Inc. 6% Convertible Preferred Stock,$18.55,0.34,1.867%,15634960.0,United States,,2224,Health Care,Biotechnology: Pharmaceutical Preparations,18.49,5.145698957534162,419.5799903869629,1.1449855970591198,32.37410160789494,1570.0,102.0
PTIX,Protagenic Therapeutics Inc. Common Stock,$1.11,0.10,9.901%,4922997.0,United States,,10351,Health Care,Biotechnology: Pharmaceutical Preparations,1.2,12.757451305346091,2.6100000143051147,1.144736862743991,64.26136636875633,17830.0,43964.0
LNSR,LENSAR Inc. Common Stock,$4.16,0.02,0.483%,47403433.0,United States,,4218,Health Care,Medical Electronics,4.07,12.96776942688469,1806.4199662208557,1.1442307898043653,56.74603482462894,52500.0,57245.0
VSTM,Verastem Inc. Common Stock,$10.74,-0.10,-0.923%,271379415.0,United States,2012.0,98869,Health Care,Biotechnology: Pharmaceutical Preparations,10.62,6.957186100150237,15783.210107803345,1.1421268283511976,38.63919132230214,135600.0,73968.0
SOUN,SoundHound AI Inc Class A Common Stock,$8.65,1.72,24.82%,2363433895.0,United States,,169658269,Technology,EDP Services,8.24,18.753538204079035,133666.20172262192,1.1419753199978366,275.3794500854209,102318040.0,74571601.0
TLSIW,TriSalus Life Sciences Inc. Warrant,$0.99,0.09,10.00%,26053514.0,United States,2021.0,1647,Health Care,Medical Specialities,1.19,9.068735892718038,56.26000165939331,1.1411764722381907,35.2272799623407,5670.0,17361.0
GLSI,Greenwich LifeSciences Inc. Common Stock,$18.20,-0.93,-4.861%,233836603.0,United States,2020.0,67976,Health Care,Biotechnology: Pharmaceutical Preparations,17.03,12.11955764791015,857.9379863739014,1.140874981880188,65.2418508874694,82990.0,7980.0
BBLGW,Bone Biologics Corp Warrants,$20.64,0.00,0.00%,11026672.0,United States,,1657,Health Care,Industrial Specialties,21.0,13.592092712225124,68.28000068664551,1.1402806248917798,833.3333333333334,1280.0,93.0
AEYE,AudioEye Inc. Common Stock,$8.63,0.04,0.466%,100931069.0,United States,,92433,Technology,EDP Services,9.03,8.982617402833238,2832.5000524520874,1.1393805568803963,115.94202581393745,141200.0,14347.0
PCT,PureCycle Technologies Inc. Common stock,$5.36,0.42,8.502%,880833006.0,United States,,2421873,Utilities,Environmental Services,5.63,10.934040861298634,79262.68190765381,1.1382405668215345,63.31444513343437,2943840.0,741465.0
VTVT,vTv Therapeutics Inc. Class A Common Stock,$16.04,0.07,0.438%,41935569.0,United States,2015.0,12404,Health Care,Biotechnology: Pharmaceutical Preparations,20.12,15.60150278862098,973.2400398254395,1.1368563974552661,138.88242250591412,22250.0,10575.0
WGS,GeneDx Holdings Corp. Class A Common Stock,$10.70,0.505,4.953%,278772996.0,United States,2020.0,221614,Technology,Retail: Computer Software & Peripheral Equipment,9.66,15.461152781197951,11408.040033578873,1.1368421466506873,286.40552691602835,235300.0,266899.0
LLAP,Terran Orbital Corporation Common Stock,$1.21,0.01,0.833%,235298247.0,United States,2021.0,3553724,Industrials,Military/Government/Technical,1.17,7.264806647756306,18283.340445756912,1.1349527993148603,32.151024528129334,4249560.0,1842910.0
OMEX,Odyssey Marine Exploration Inc. Common Stock,$4.13,-0.15,-3.505%,82525251.0,United States,,29039,Consumer Discretionary,Marine Transportation,4.02,5.081504225571365,5573.359817504883,1.1338198773797625,36.88811557532781,76470.0,78849.0
BYON,Beyond Inc. Common Stock,$34.08,-0.36,-1.045%,1553181891.0,United States,,1182338,Consumer Discretionary,Catalog/Specialty Distribution,34.05,5.927273421532631,222335.6035938263,1.133525491229311,33.3463824351326,1058250.0,289583.0
IPX,IperionX Limited American Depositary Share,$14.20,-0.27,-1.866%,274761437.0,United States,,19203,Consumer Discretionary,Diversified Commercial Services,13.49,5.567080760748033,5384.125018119812,1.1335000038146972,51.63413460298181,35190.0,11997.0
VIRX,Viracta Therapeutics Inc. Common Stock,$0.95,-0.035,-3.553%,37308812.0,United States,2005.0,76703,Health Care,Biotechnology: Pharmaceutical Preparations,0.99,11.003922386003918,175.9499967098236,1.1333333421636513,134.09090385703013,116660.0,50401.0
OPTN,OptiNose Inc. Common Stock,$1.93,0.035,1.847%,217417858.0,United States,2017.0,504346,Health Care,Biotechnology: Pharmaceutical Preparations,1.935,9.135028193683903,4825.280050754547,1.133333300219643,60.86957062575238,1185640.0,805153.0
LASE,Laser Photonics Corporation Common Stock,$1.63,-0.21,-11.413%,15083073.0,United States,2022.0,103206,Industrials,Industrial Machinery/Components,1.68,17.127445890518665,362.9700046777725,1.1326530537770125,47.27272451416526,506300.0,33874.0
NCMI,National CineMedia Inc. Common Stock,$4.08,0.21,5.426%,394882645.0,United States,2007.0,187967,Consumer Discretionary,Advertising,4.22,5.318702050769275,8929.97971200943,1.1311474779777129,31.518990099955328,369520.0,6774574.0
CARA,Cara Therapeutics Inc. Common Stock,$0.8702,-0.0098,-1.114%,47562011.0,United States,2014.0,414390,Health Care,Biotechnology: Pharmaceutical Preparations,0.9074,16.565349945823282,1953.7699917554855,1.1299999952316284,44.975851480196425,753060.0,252408.0
DUOT,Duos Technologies Group Inc. Common Stock,$4.30,0.00,0.00%,31162663.0,United States,,24098,Technology,Computer Software: Prepackaged Software,4.34,7.74137038055922,550.8000154495239,1.1295681415746952,39.25861032227449,22520.0,10665.0
ELVN,Enliven Therapeutics Inc. Common Stock,$12.27,-0.48,-3.765%,505670909.0,United States,2020.0,79511,Health Care,Biotechnology: Pharmaceutical Preparations,12.64,8.792537156305634,10603.710310935974,1.1294396474701889,30.110936808194104,135120.0,384295.0
DRCT,Direct Digital Holdings Inc. Class A Common Stock,$26.79,3.88,16.936%,382304686.0,United States,2022.0,257717,Technology,Computer Software: Programming Data Processing,28.87,13.965228343142577,16338.19953918457,1.1270832567579248,153.03269360735575,194030.0,230215.0
PIK,Kidpik Corp. Common Stock,$4.50,-0.35,-7.216%,8425949.0,United States,2021.0,377309,Consumer Discretionary,Catalog/Specialty Distribution,4.73,31.86716493384609,216.9479953765869,1.1257861158967684,104.00000678168402,5046828.0,130803.0
ISPOW,Inspirato Incorporated Warrant,$0.0185,0.0031,20.13%,0.0,United States,2021.0,5123,Finance,Blank Checks,0.0141,14.321428177974793,0.33299998566508293,1.1249998981365983,74.99999708961708,11770.0,2925.0
GENK,GEN Restaurant Group Inc. Class A Common Stock,$6.69,0.41,6.529%,216598925.0,United States,2023.0,49672,Consumer Discretionary,Restaurants,9.04,8.30616531595323,1799.1999206542969,1.124837393259631,32.38636001882965,170790.0,108395.0
SMMT,Summit Therapeutics Inc. Common Stock ,$4.51,0.20,4.64%,3164654277.0,United States,2015.0,2770571,Health Care,Biotechnology: Pharmaceutical Preparations,4.115,10.430783241789165,81863.96762108803,1.1246105458552453,40.858209005016136,3007620.0,1544026.0
ELEV,Elevation Oncology Inc. Common stock,$4.17,0.09,2.206%,202875150.0,United States,2021.0,329127,Health Care,Biotechnology: Pharmaceutical Preparations,4.36,14.12200977049265,75662.17914438248,1.124444431728787,842.8273989537093,1236780.0,205643.0
ANNX,Annexon Inc. Common Stock,$5.77,1.18,25.708%,307188943.0,United States,2020.0,4709440,Health Care,Biotechnology: Pharmaceutical Preparations,6.29,11.918552093171431,24286.640853881836,1.1243524016935627,119.0812712512679,2502630.0,756668.0
CSPI,CSP Inc. Common Stock,$41.30,1.01,2.507%,200592035.0,United States,1982.0,105488,Technology,EDP Services,43.4,17.347287752721073,6104.700164794922,1.124316256793803,124.2658378232838,92600.0,41757.0
XBIT,XBiotech Inc. Common Stock,$6.31,-0.02,-0.316%,192057243.0,United States,2015.0,53727,Health Care,Pharmaceuticals and Biotechnology,6.63,8.030735996482473,590.5500121116638,1.1218335625487839,74.20923637025997,55450.0,46624.0
SRZN,Surrozen Inc. Common Stock,$13.28,-0.1199,-0.895%,27069102.0,United States,,7055,Health Care, Medicinal Chemicals and Botanical Products ,13.325,6.51264894669068,2237.5801277160645,1.1216783707401519,62.77363758230208,5730.0,5465.0
PIRS,Pieris Pharmaceuticals Inc. Common Stock,$0.1743,0.0033,1.93%,17229891.0,United States,,287129,Health Care,Biotechnology: Pharmaceutical Preparations,0.21,11.48051557176335,285.7369926571846,1.1208053107337062,46.687889589422724,1383870.0,1887781.0
MINM,Minim Inc. Common Stock,$6.17,1.16,23.154%,17208253.0,United States,,4583499,Utilities,Telecommunications Equipment,6.07,21.19603190684074,1274.5600054264069,1.1200000047683716,145.5401412047082,1033090.0,142495.0
ORGS,Orgenesis Inc. Common Stock,$0.8924,0.0324,3.767%,28447091.0,United States,,35928,Health Care,Biotechnology: Pharmaceutical Preparations,0.876,13.356472891558413,372.68000158667564,1.1200000047683716,73.46938924459751,92930.0,9825.0
SYRE,Spyre Therapeutics Inc. Common Stock,$44.51,2.19,5.175%,1609078384.0,United States,2016.0,295269,Health Care,Biotechnology: Pharmaceutical Preparations,40.07,11.325790138281032,98506.0834274292,1.1192576191721204,141.34148019328885,768110.0,256843.0
APRE,Aprea Therapeutics Inc. Common stock,$5.55,-0.61,-9.903%,20738535.0,United States,2019.0,26364,Health Care,Biotechnology: Pharmaceutical Preparations,6.55,10.809878311519693,582.1199855804443,1.1182571938846526,69.48973412416571,136890.0,11473.0
CVNA,Carvana Co. Class A Common Stock,$79.67,3.39,4.444%,16085309344.0,United States,2017.0,3060218,Consumer Discretionary,Other Specialty Stores,80.79,8.490113622913942,3136898.232131958,1.1171627888796674,33.77926592082742,5478460.0,3212099.0
DIBS,1stdibs.com Inc. Common Stock,$6.06,0.65,12.015%,240859615.0,United States,2021.0,160762,Consumer Discretionary,Catalog/Specialty Distribution,5.95,7.627820599595725,2058.689943790436,1.11516524771825,34.3049264548184,118480.0,50898.0
GRTX,Galera Therapeutics Inc. Common Stock,$0.215,-0.0017,-0.784%,11694317.0,United States,2019.0,231634,Health Care,Biotechnology: Pharmaceutical Preparations,0.2423,13.615715091431602,3372.4249425679445,1.1146496253069924,84.61538726056126,532970.0,343956.0
MGNX,MacroGenics Inc. Common Stock,$16.56,-1.04,-5.909%,1033874135.0,United States,2013.0,1932450,Health Care,Biotechnology: Pharmaceutical Preparations,15.6,8.39129713264526,200508.0,1.1142060807759455,70.6392283978808,2395320.0,755710.0
CADL,Candel Therapeutics Inc. Common Stock,$1.57,-0.04,-2.484%,45404102.0,United States,2021.0,16151,Health Care,Biotechnology: Pharmaceutical Preparations,1.4,7.4745971218140195,149.63999557495117,1.1120689646313222,35.18518334553573,61520.0,12236.0
ATXS,Astria Therapeutics Inc. Common Stock,$15.00,0.52,3.591%,823545915.0,United States,2015.0,569496,Health Care,Biotechnology: Pharmaceutical Preparations,15.61,8.311646927620341,24163.98005962372,1.1114306403837404,167.26093301805923,1440530.0,991992.0
KPTI,Karyopharm Therapeutics Inc. Common Stock,$1.42,-0.03,-2.069%,163395258.0,United States,2013.0,737955,Health Care,Biotechnology: Pharmaceutical Preparations,1.47,12.854406383617235,10120.391640901566,1.1101448919812662,84.31123600041572,1434900.0,442406.0
PROP,Prairie Operating Co. Common Stock,$9.70,-0.51,-4.995%,,United States,,31508,Finance,Investment Bankers/Brokers/Service,12.01,6.753062889140082,1640.5999851226807,1.1070175708642782,101.66667302449544,66090.0,73536.0
CXAI,CXApp Inc. Class A Common Stock,$3.24,1.21,59.606%,49424220.0,United States,2021.0,24719041,Technology,EDP Services,2.83,29.508554608169568,2412.239969730377,1.106796133359783,95.0757534365463,4856280.0,1455019.0
KURA,Kura Oncology Inc. Common Stock,$22.83,0.52,2.331%,1738206865.0,United States,,685927,Health Care,Biotechnology: Pharmaceutical Preparations,21.04,5.458737541748349,69615.90801143646,1.1053423342775595,62.37772750675879,1362690.0,575584.0
FATE,Fate Therapeutics Inc. Common Stock,$7.64,-0.02,-0.261%,758174561.0,United States,2013.0,1829847,Health Care,Biotechnology: Biological Products (No Diagnostic Substances),7.04,9.978018971225456,148787.85689115524,1.104878125653107,114.28572256773188,3176860.0,1382794.0
ABSI,Absci Corporation Common Stock,$4.88,-0.06,-1.215%,453539768.0,United States,2021.0,1032895,Health Care,Biotechnology: Pharmaceutical Preparations,4.66,10.337324133344472,55542.081398010254,1.1035599289805815,53.82164848218866,1356980.0,699756.0
STIM,Neuronetics Inc. Common Stock,$4.22,-0.09,-2.088%,125570544.0,United States,2018.0,104425,Health Care,Medical/Dental Instruments,3.79,10.059195083677386,5438.159890651703,1.1029900145387808,62.11813208797577,245660.0,55220.0
LFMD,LifeMD Inc. Common Stock,$8.90,0.52,6.205%,359257818.0,United States,,1265396,Health Care,Medical/Nursing Services,10.84,7.768703286521705,35921.33988618851,1.1025640913675883,36.9493685257662,1196270.0,560614.0
TALK,Talkspace Inc. Common Stock,$3.24,-0.04,-1.22%,541387862.0,United States,2020.0,1567839,Health Care,Medical/Nursing Services,3.3,5.293047775884752,14149.100680351257,1.1018518610500991,34.97941898276901,1406510.0,441378.0
ORIC,Oric Pharmaceuticals Inc. Common Stock,$15.23,0.91,6.355%,1026134150.0,United States,2020.0,736248,Health Care,Biotechnology: Pharmaceutical Preparations,14.68,7.583448614806376,37554.96171569824,1.099890322215263,70.02288381955086,791020.0,482951.0
NPCE,Neuropace Inc. Common Stock,$13.38,-0.29,-2.121%,379251243.0,United States,2021.0,87499,Health Care,Medical Specialities,12.84,8.828861532488052,26950.93992805481,1.0992307662963867,36.96970648600671,133100.0,25792.0
JVA,Coffee Holding Co. Inc. Common Stock,$1.32,-0.08,-5.714%,7535351.0,United States,2005.0,38132,Consumer Staples,Packaged Foods,1.26,6.295323903517436,1006.7700129747391,1.0990099255307824,50.00000677325512,28090.0,14233.0
BHIL,Benson Hill Inc. Common Stock,$0.2037,0.0137,7.211%,42446809.0,United States,2021.0,751709,Consumer Staples,Packaged Foods,0.2449,14.592594834046558,923.9999875426292,1.098039221415287,81.99999403953576,1083610.0,2453132.0
CGEM,Cullinan Oncology Inc. Common Stock,$16.98,0.04,0.236%,726415335.0,United States,2021.0,333388,Health Care,Biotechnology: Pharmaceutical Preparations,15.32,5.479107609002365,32642.360649108887,1.0967127541105908,69.49890961162394,559130.0,150176.0
PYXS,Pyxis Oncology Inc. Common Stock,$5.35,-0.35,-6.14%,237128296.0,United States,2021.0,986049,Health Care,Biotechnology: Pharmaceutical Preparations,4.9,12.41614621184619,6924.7597732543945,1.096470552332261,184.29750329122717,628810.0,537220.0
HOWL,Werewolf Therapeutics Inc. Common Stock,$6.22,-0.38,-5.758%,265825328.0,United States,2021.0,671241,Health Care,Biotechnology: Pharmaceutical Preparations,6.02,8.900990042414714,4610.7000207901,1.0958549570034317,99.3355488043229,197570.0,81338.0
GLYC,GlycoMimetics Inc. Common Stock,$2.55,-0.07,-2.672%,164202900.0,United States,2014.0,423641,Health Care,Biotechnology: Pharmaceutical Preparations,2.8,7.807653927527247,8051.96005153656,1.0955882307825204,38.9671304747283,307420.0,224198.0
ALGS,Aligos Therapeutics Inc. Common Stock,$0.87,0.00,0.00%,65190708.0,United States,2020.0,1290604,Health Care,Biotechnology: Pharmaceutical Preparations,0.92,13.720614568807378,637.5810188055038,1.0951613142016525,54.23729943667547,558560.0,149971.0
EWTX,Edgewise Therapeutics Inc. Common Stock,$17.41,-0.31,-1.749%,1621055946.0,United States,2021.0,492526,Health Care,Biotechnology: Pharmaceutical Preparations,15.53,5.629067527185372,1045886.2369403839,1.0948782643927952,76.63756085920643,1171970.0,289538.0
LTRN,Lantern Pharma Inc. Common Stock,$6.89,-0.81,-10.519%,74887686.0,United States,2020.0,421277,Health Care,Biotechnology: Pharmaceutical Preparations,9.96,16.285313533742098,888.799991607666,1.094850921193809,92.36277588414883,883360.0,577563.0
ASPI,ASP Isotopes Inc. Common Stock,$4.00,0.03,0.756%,195093104.0,United States,2022.0,582336,Industrials,Major Chemicals,4.67,12.384572980876008,10695.359607696533,1.0947368156876918,150.06629617384272,519460.0,913494.0
SYRA,Syra Health Corp. Class A Common Stock,$1.77,0.00,0.00%,24641299.0,United States,2023.0,86761,Industrials,Other Specialty Stores,1.66,13.859049260820843,153.21999961137772,1.0930232348604552,52.369370515891625,108140.0,25172.0
STTK,Shattuck Labs Inc. Common Stock,$9.13,0.40,4.582%,433444769.0,United States,2020.0,363217,Health Care,Biotechnology: Pharmaceutical Preparations,8.27,7.602090130040873,29702.86150741577,1.0920097103901314,32.40094069190517,428920.0,182024.0
FEMY,Femasys Inc. Common Stock,$1.81,-0.10,-5.236%,39185818.0,United States,2021.0,552799,Health Care,Medical/Dental Instruments,1.94,16.90108423955885,5320.000079274178,1.0899182320126142,130.16759627715376,793620.0,473223.0
ASMB,Assembly Biosciences Inc. Common Stock,$12.64,-0.14,-1.095%,69302377.0,United States,2010.0,9544,Health Care,Biotechnology: Pharmaceutical Preparations,11.8,5.191941878087314,7285.094184570313,1.088607615311101,31.578949019519264,13670.0,2777.0
OCEA,Ocean Biomedical Inc. Common Stock,$4.18,0.33,8.571%,142428300.0,United States,2021.0,1060568,Health Care,Biotechnology: Pharmaceutical Preparations,4.05,46.27547502718903,661.0879821777344,1.0884615490422451,641.6666776482481,10616840.0,1171155.0
HIPO,Hippo Holdings Inc. Common Stock,$18.85,0.16,0.856%,458260314.0,United States,2021.0,226514,Finance,Property-Casualty Insurers,17.14,9.657813679058291,8126.520294189453,1.0877419748613912,87.34462383099469,322570.0,55267.0
RZLT,Rezolute Inc. Common Stock (NV),$1.92,-0.03,-1.538%,76080520.0,United States,,156225,Health Care,Biotechnology: Pharmaceutical Preparations,1.79,10.31173148136264,715.0,1.086956502021148,109.51302263585909,225140.0,80841.0
TAYD,Taylor Devices Inc. Common Stock,$42.18,0.26,0.62%,129179371.0,United States,,11279,Industrials,Industrial Machinery/Components,42.41,6.136085205627317,4258.200107574463,1.0855500033868808,77.88247072936679,28560.0,10492.0
AKBA,Akebia Therapeutics Inc. Common Stock,$1.41,-0.01,-0.704%,265629075.0,United States,2014.0,2061490,Health Care,Biotechnology: Pharmaceutical Preparations,1.89,9.38154840670531,39639.599324941635,1.0852713314402775,59.24368821903734,4525560.0,2790126.0
TCON,TRACON Pharmaceuticals Inc. Common Stock,$0.631,0.241,61.795%,28713340.0,United States,2015.0,26475446,Health Care,Biotechnology: Biological Products (No Diagnostic Substances),0.3611,23.53755709942633,1350.6839747428894,1.085106342504769,105.53192946424141,10521320.0,8122103.0
SNSE,Sensei Biotherapeutics Inc. Common Stock,$0.94,-0.0144,-1.509%,23566721.0,United States,2021.0,189646,Health Care,Biotechnology: Pharmaceutical Preparations,1.055,9.498167887449238,514.7999972105026,1.0849314726233423,63.492060188203084,79440.0,11337.0
HYLN,Hyliion Holdings Corp. Class A Common Stock,$1.73,0.03,1.765%,316950489.0,United States,2019.0,622361,Consumer Discretionary,Construction/Ag Equipment/Trucks,1.5,10.786070380859613,14161.649822294712,1.0844748881749486,112.55350388595089,1001660.0,544851.0
ELMD,Electromed Inc. Common Stock,$16.92,-0.28,-1.628%,145600441.0,United States,2011.0,22151,Health Care,Biotechnology: Electromedical & Electrotherapeutic Apparatus,17.28,5.267225750339399,278.97998809814453,1.08383837936241,60.84111580610036,48110.0,8530.0
OSS,One Stop Systems Inc. Common Stock,$3.70,0.14,3.933%,76234985.0,United States,2018.0,112498,Technology,Computer Manufacturing,3.74,14.393339823004458,292.9400086402893,1.0837989377453114,92.36842196073559,134790.0,43599.0
VERI,Veritone Inc. Common Stock,$2.17,0.46,26.901%,80403511.0,United States,2017.0,23147293,Technology,EDP Services,3.45,21.91833464420081,4549.480154037476,1.0833334097495473,108.54923340703925,7119480.0,4024220.0
IGMS,IGM Biosciences Inc. Common Stock,$9.95,0.00,0.00%,584926551.0,United States,2019.0,300336,Health Care,Biotechnology: Pharmaceutical Preparations,10.44,10.387597670522442,24080.281047821045,1.0823045441108208,31.04112364895887,269280.0,39766.0
VGAS,Verde Clean Fuels Inc. Class A Common Stock,$4.06,-0.10,-2.404%,129464614.0,United States,2021.0,8624,Industrials,Major Chemicals,3.32,14.082149988897807,122.37999391555786,1.0820512017946684,56.986903427772084,30030.0,14890.0
WAVD,WaveDancer Inc. Common Stock,$2.82,-0.14,-4.73%,5677168.0,United States,,21321,Technology,Computer Software: Prepackaged Software,3.39,18.965789208470916,227.37000477313995,1.0816326547162194,126.98026239219796,1014790.0,253909.0
BLND,Blend Labs Inc. Class A Common Stock,$2.61,-0.40,-13.289%,647799236.0,United States,2021.0,5585392,Technology,EDP Services,3.09,11.740737935094291,30476.861085414886,1.0807175180348152,38.59649673173089,3141820.0,2339496.0
RNXT,RenovoRx Inc. Common Stock,$1.66,-0.03,-1.775%,17751343.0,United States,2021.0,20002,Health Care,Biotechnology: Pharmaceutical Preparations,1.33,11.328402731612597,120.96000480651855,1.0800000429153442,92.62294801644371,29620.0,14080.0
AIRG,Airgain Inc. Common Stock,$5.37,0.75,16.234%,56409686.0,United States,2016.0,65972,Technology,Radio And Television Broadcasting And Communications Equipment,5.25,10.47322792626193,207.8999969959259,1.0798429183557574,46.32151972546653,58280.0,4104.0
PRPL,Purple Innovation Inc. Common Stock,$1.66,-0.38,-18.627%,175546472.0,United States,2015.0,3237567,Consumer Discretionary,Home Furnishings,1.51,12.800568139970503,5469.790035009384,1.0797101555689872,34.347825140493335,1294200.0,445680.0
CIX,CompX International Inc. Common Stock,$32.10,-0.33,-1.018%,395271600.0,United States,1998.0,8563,Consumer Discretionary,Industrial Machinery/Components,31.84,8.509205439633384,4118.10004234314,1.0795343997526923,52.516706079539745,22510.0,11704.0
LABP,Landos Biopharma Inc. Common Stock,$6.48,-0.05,-0.766%,20196404.0,United States,2021.0,4915,Health Care, Medicinal Chemicals and Botanical Products ,6.64,6.895188317795364,226.32000732421875,1.0789474315935068,60.80282710943575,13180.0,4618.0
PRCH,Porch Group Inc. Common Stock,$4.02,0.23,6.069%,397475956.0,United States,2020.0,3117377,Technology,Computer Software: Prepackaged Software,3.59,11.315383327653228,28086.890484809875,1.078574920157703,44.96268260038156,3168130.0,739496.0
ARQ,Arq Inc. Common Stock,$5.09,1.62,46.686%,168890817.0,United States,,2038144,Industrials,Major Chemicals,5.81,9.712477033821898,9137.400269508362,1.0777777905326809,129.3893317327135,368120.0,189412.0
CAPR,Capricor Therapeutics Inc. Common Stock,$5.94,0.04,0.678%,186514022.0,United States,,165717,Health Care,Biotechnology: Pharmaceutical Preparations,6.76,8.542780974576347,5541.250288486481,1.0775401603027075,64.53900725209569,404220.0,770425.0
MRSN,Mersana Therapeutics Inc. Common Stock,$5.74,0.10,1.773%,696279260.0,United States,2017.0,1956547,Health Care,Biotechnology: Pharmaceutical Preparations,4.86,10.446787227233623,21623.090304374695,1.0775347614747823,145.07389038171286,3183400.0,1034039.0
DAVE,Dave Inc. Class A Common Stock,$33.78,-1.36,-3.87%,413431731.0,United States,,108351,Technology,Retail: Computer Software & Peripheral Equipment,33.27,14.036661533819949,7847.400121688843,1.0761154735197274,294.58335670213955,211060.0,37824.0
BTMD,Biote Corp. Class A Common Stock,$6.09,0.79,14.906%,443104862.0,United States,,289011,Health Care, Medicinal Chemicals and Botanical Products ,6.66,11.64649607692172,2652.7500450611115,1.0755336670975906,32.210727887625694,161170.0,53344.0
SGMO,Sangamo Therapeutics Inc. Common Stock,$0.7851,-0.076,-8.826%,139235114.0,United States,2000.0,2840561,Health Care,Biotechnology: Biological Products (No Diagnostic Substances),0.851,13.501477376666827,4493.500074744225,1.075000001862645,99.22499061785652,1897110.0,1227869.0
LCUT,Lifetime Brands Inc. Common Stock,$9.95,0.11,1.118%,217051648.0,United States,1991.0,81956,Consumer Discretionary,Industrial Machinery/Components,8.54,6.767660780434315,7195.039804458618,1.0737134532341133,54.43685980442679,99920.0,41914.0
DRRX,DURECT Corporation Common Stock,$1.13,-0.02,-1.739%,33706647.0,United States,2000.0,121584,Health Care,Biotechnology: Pharmaceutical Preparations,1.35,9.282514931118069,2541.8600664138794,1.073529428522067,138.46154904224503,173830.0,103248.0
BYSI,BeyondSpring Inc. Ordinary Shares,$3.01,0.00,0.00%,117149200.0,United States,2017.0,77158,Health Care,Biotechnology: Pharmaceutical Preparations,2.88,18.34466026281678,219.11999881267548,1.0731707352531021,228.94737254879817,824330.0,300461.0
LEE,Lee Enterprises Incorporated Common Stock,$10.40,0.05,0.483%,63888438.0,United States,,27083,Consumer Discretionary,Newspapers/Magazines,13.51,7.180421764323075,3630.120122909546,1.0730159310036298,66.95979771561456,67410.0,35917.0
XFOR,X4 Pharmaceuticals Inc. Common Stock,$0.8418,-0.0233,-2.693%,140825740.0,United States,2017.0,1589097,Health Care,Biotechnology: Biological Products (No Diagnostic Substances),0.9233,8.034001082511978,8677.053851246834,1.0728571427355007,36.10425989261352,1677510.0,2356855.0
COGT,Cogent Biosciences Inc. Common Stock,$6.56,0.21,3.307%,681671878.0,United States,2018.0,1202396,Health Care,Biotechnology: Pharmaceutical Preparations,6.74,8.594592033895566,75289.77250289917,1.0724298896222302,32.31225785318297,2025410.0,267640.0
CLSK,CleanSpark Inc. Common Stock,$17.11,0.62,3.76%,3388887941.0,United States,,32539807,Finance,Finance: Consumer Services,17.46,15.909897130040452,1473772.985449791,1.0717628781742776,59.1438071335934,41379450.0,26301121.0
XOMA,XOMA Corporation Common Stock,$25.61,-0.04,-0.156%,297737404.0,United States,1986.0,8628,Health Care,Biotechnology: Pharmaceutical Preparations,25.18,5.54535917384682,5333.199897766113,1.0716208909834688,38.98809579101403,21390.0,4209.0
QMCO,Quantum Corporation Common Stock,$0.563,0.0437,8.415%,53507862.0,United States,,497685,Technology,Electronic Components,0.64,13.62357110791146,449.10001784563065,1.0714286094417376,81.24999883584675,491840.0,275141.0
CDLX,Cardlytics Inc. Common Stock,$8.60,-0.05,-0.578%,337585656.0,United States,2018.0,544316,Technology,Computer Software: Programming Data Processing,13.06,9.218229257738697,37667.850465774536,1.0711805262361422,56.09221518033919,2840750.0,1736937.0
CYTK,Cytokinetics Incorporated Common Stock,$64.63,0.08,0.124%,6657194407.0,United States,2004.0,2084329,Health Care,Biotechnology: Pharmaceutical Preparations,63.75,5.064021697013676,2737905.2490386963,1.0710411827853237,80.72747436288394,4079340.0,768763.0
ESOA,Energy Services of America Corporation Common Stock,$7.73,0.07,0.914%,128401855.0,United States,,43342,Industrials,Water Sewer Pipeline Comm & Power Line Construction,7.77,8.074723968189556,7326.099885463715,1.0701754576758489,50.83025969853334,97950.0,66353.0
VINC,Vincerx Pharma Inc. Common Stock,$6.67,0.22,3.411%,142608402.0,United States,2020.0,355796,Health Care,Biotechnology: Pharmaceutical Preparations,4.91,22.104505698208786,2052.2601006031036,1.0700000524520874,869.8307686523572,970520.0,645063.0
ULBI,Ultralife Corporation Common Stock,$8.51,-0.20,-2.296%,139054362.0,United States,1992.0,98530,Miscellaneous,Industrial Machinery/Components,8.66,5.568733268569304,3176.320068359375,1.0693816033494536,34.3982176918205,82800.0,16861.0
GRPH,Graphite Bio Inc. Common Stock,$3.56,0.16,4.706%,207323457.0,United States,2021.0,1350727,Health Care, Medicinal Chemicals and Botanical Products ,3.23,8.81668109897551,986.8999898433685,1.0692307974459867,34.06113468921669,947430.0,351581.0
ALPN,Alpine Immune Sciences Inc. Common Stock,$36.61,0.16,0.439%,2126966352.0,United States,2015.0,868666,Health Care,Biotechnology: Pharmaceutical Preparations,35.47,5.5167078849942985,95985.92073822021,1.0689655562218259,107.47240633832786,1432450.0,1569011.0
PASG,Passage Bio Inc. Common Stock,$1.27,-0.07,-5.224%,70610471.0,United States,2020.0,94661,Health Care,Biotechnology: Pharmaceutical Preparations,1.46,13.010621827070977,870.2319893836975,1.068965478138739,102.8985448063976,321030.0,3304463.0
XOS,Xos Inc. Common Stock,$12.00,-1.40,-10.448%,71153160.0,United States,2020.0,10702,Consumer Discretionary,Construction/Ag Equipment/Trucks,12.45,10.029988662644085,1963.0800046920776,1.0682731249271897,60.14121235633827,10840.0,2596.0
CATX,Perspective Therapeutics Inc. Common Stock,$1.12,-0.03,-2.609%,314239549.0,United States,,2817341,Health Care,Medical/Dental Instruments,0.965,9.434754443938465,9968.159777194262,1.0666666710818256,251.47059996544684,3805950.0,8223712.0
TSBX,Turnstone Biologics Corp. Common Stock,$2.89,-0.01,-0.345%,66738987.0,United States,2023.0,104860,,,2.81,19.480807929093192,1102.0799753665924,1.0666666710818256,30.128213161704554,201910.0,21922.0
NOTV,Inotiv Inc. Common Stock,$8.28,-0.11,-1.311%,213546830.0,United States,,410943,Health Care,Biotechnology: Commercial Physical & Biological Resarch,8.95,11.938192260632752,3261.180100917816,1.0660377464586408,136.5285068023108,473090.0,290715.0
ORN,Orion Group Holdings Inc. Common,$8.49,0.03,0.355%,276339142.0,United States,,214146,Industrials,Military/Government/Technical,8.16,7.621982134660366,7333.4700808525085,1.0657084556840069,76.65952602183036,414650.0,83444.0
VERB,Verb Technology Company Inc. Common Stock,$0.153,-0.0005,-0.326%,2510468.0,United States,,347085,Technology,EDP Services,0.36,23.50218314179959,1370.4599497318268,1.065573719433001,120.4142029051445,79413380.0,46357518.0
ASST,Asset Entities Inc. Class B Common Stock,$0.5402,-0.0099,-1.80%,7575986.0,United States,2023.0,44541,Technology,Computer Software: Prepackaged Software,0.5117,11.105347418111332,113.32200390100479,1.0655270689136656,30.79487840193523,111440.0,20010.0
PXLW,Pixelworks Inc.  Common Stock,$2.75,-0.05,-1.786%,155907172.0,United States,2000.0,315938,Technology,Semiconductors,2.8,7.028136962156384,1942.7299151420593,1.0650405873703284,124.40000534057619,460020.0,117441.0
ATOS,Atossa Therapeutics Inc. Common Stock,$1.26,-0.05,-3.817%,157883121.0,United States,2012.0,1506047,Health Care,Biotechnology: Pharmaceutical Preparations,1.29,9.19628187412238,2931.4999744296074,1.0649350820252823,102.77777501830359,1415210.0,2265167.0
BEAT,Heartbeam Inc. Common Stock,$2.29,-0.03,-1.293%,60293483.0,United States,2021.0,172301,Technology,Retail: Computer Software & Peripheral Equipment,2.32,12.888103793386962,584.3199882507324,1.064102581737075,103.38984763132646,423430.0,61442.0
CCLDO,CareCloud Inc. 8.75% Series B Cumulative Redeemable Perpetual Preferred Stock,$5.26,-0.07,-1.313%,83492611.0,United States,,14231,Technology,Computer Software: Prepackaged Software,5.8,6.649881438043925,71.76000022888184,1.0640569645631925,40.85273433827802,6830.0,3466.0
ENTA,Enanta Pharmaceuticals Inc. Common Stock,$14.44,-0.10,-0.688%,305492395.0,United States,2013.0,168984,Health Care,Biotechnology: Pharmaceutical Preparations,13.51,5.592581316452838,19532.28006362915,1.0635785462954734,49.94571511853364,191730.0,46604.0
FORA,Forian Inc. Common Stock,$3.51,0.10,2.933%,108724044.0,United States,,95168,Technology,Computer Software: Prepackaged Software,3.31,11.004851369415514,471.6800117492676,1.0634920980324223,46.72130490784633,68180.0,4914.0
CRBP,Corbus Pharmaceuticals Holdings Inc. Common Stock,$47.08,2.50,5.608%,208266996.0,United States,,477998,Health Care,Biotechnology: Pharmaceutical Preparations,41.62,14.135026683133422,1339.500036239624,1.0633484267035134,680.7622263292333,503370.0,69647.0
CLRO,ClearOne Inc. (DE) Common Stock,$2.00,-0.06,-2.913%,47921368.0,United States,,7734183,Utilities,Telecommunications Equipment,1.83,10.321556805044052,169.67999839782715,1.0631578980390386,113.25301403818675,16256690.0,408447.0
TRVI,Trevi Therapeutics Inc. Common Stock,$2.97,0.08,2.768%,189657137.0,United States,2019.0,338694,Health Care,Biotechnology: Pharmaceutical Preparations,3.25,10.34346519013505,1425.600025177002,1.0629921607219088,152.30769936149667,317430.0,38703.0
SPIR,Spire Global Inc. Class A Common Stock,$12.17,0.33,2.787%,287683831.0,United States,2020.0,203750,Consumer Discretionary,Telecommunications Equipment,12.28,10.383619171727654,8222.440022468567,1.0624048457685857,125.06775545775011,233180.0,6235514.0
IKT,Inhibikase Therapeutics Inc. Common Stock,$2.23,-0.04,-1.762%,13768644.0,United States,2020.0,29335,Health Care,Biotechnology: Pharmaceutical Preparations,2.01,9.640673032015323,1045.7600173950195,1.0617284095972308,44.927536732658226,49640.0,53255.0
BAND,Bandwidth Inc. Class A Common Stock,$19.88,-0.65,-3.166%,522261297.0,United States,2017.0,617654,Technology,Computer Software: Prepackaged Software,18.88,6.588068932613678,33401.60093688965,1.061670564869245,37.81452398693185,460690.0,116423.0
APGE,Apogee Therapeutics Inc. Common Stock,$69.80,0.46,0.663%,3535765836.0,United States,2023.0,575699,Health Care,Biotechnology: Biological Products (No Diagnostic Substances),65.44,7.805297237978359,196581.14198684692,1.0612694199419197,182.0413428096199,1937820.0,247293.0
TARA,Protara Therapeutics Inc.  Common Stock,$3.65,0.08,2.241%,41481896.0,United States,2014.0,55077,Health Care,Biotechnology: Biological Products (No Diagnostic Substances),4.0,10.2319831654893,998.9299825429916,1.061111120677289,107.25389164295298,78810.0,61451.0
ACHV,Achieve Life Sciences Inc. Common Shares,$4.42,0.07,1.609%,93552659.0,United States,,51110,Health Care,Biotechnology: In Vitro & In Vivo Diagnostic Substances,4.6,5.7631302702960685,1993.3199915885925,1.061032802365112,32.46377126080373,156930.0,34469.0
RSI,Rush Street Interactive Inc. Class A Common Stock,$5.93,0.03,0.508%,1322225010.0,United States,2020.0,956115,Consumer Discretionary,Services-Misc. Amusement & Recreation,5.9,5.424678931702798,100961.52461242676,1.0609911265070557,33.79311032773402,1956670.0,332173.0
HRTX,Heron Therapeutics Inc. Common Stock,$3.01,0.65,27.542%,451718646.0,United States,,17850883,Health Care,Biotechnology: Pharmaceutical Preparations,2.96,8.218229862298987,45444.95813369751,1.0609136466072735,70.97700507626038,4099510.0,1093821.0
RGLS,Regulus Therapeutics Inc. Common Stock,$2.43,0.07,2.966%,49141093.0,United States,2012.0,5877504,Health Care,Biotechnology: Pharmaceutical Preparations,2.36,15.624460944783936,23.18000054359436,1.060869612089854,67.42423866132307,17879620.0,283582.0
NKTR,Nektar Therapeutics  Common Stock,$0.85,-0.04,-4.494%,156075144.0,United States,,1469686,Health Care,Biotechnology: Pharmaceutical Preparations,0.85,10.424598030040189,1910.119896888733,1.059999942779541,79.72916766395795,1847550.0,531582.0
IOVA,Iovance Biotherapeutics Inc. Common Stock,$14.73,0.01,0.068%,4114192743.0,United States,,6396021,Health Care,Biotechnology: Biological Products (No Diagnostic Substances),14.03,9.125233522674868,392532.1305856705,1.0599455106367166,81.52173124324189,8815980.0,2392688.0
MLYS,Mineralys Therapeutics Inc. Common Stock,$12.59,-0.27,-2.10%,517513436.0,United States,2023.0,376021,Health Care,Biotechnology: Pharmaceutical Preparations,12.61,5.402391434849352,7656.210399627686,1.0598188352933502,69.0000057220459,153490.0,83072.0
BDTX,Black Diamond Therapeutics Inc. Common Stock,$4.19,0.41,10.847%,216351421.0,United States,2020.0,446786,Health Care,Biotechnology: Pharmaceutical Preparations,4.7,8.428496869390244,6143.75997877121,1.0595009482744262,66.4311012411246,490470.0,172439.0
JSPR,Jasper Therapeutics Inc. Common Stock,$26.79,0.79,3.038%,403561774.0,United States,2020.0,61791,Health Care,Biotechnology: Pharmaceutical Preparations,24.86,9.345071590287102,18656.860774993896,1.0591062701177854,411.43411182238293,160850.0,52107.0
RUM,Rumble Inc. Class A Common Stock,$8.48,0.58,7.342%,3273747731.0,United States,2021.0,15839191,Technology,Computer Software: Prepackaged Software,7.625,8.408216165244342,65133.36844277382,1.0589969920578484,48.712870202664284,4951710.0,878178.0
APLT,Applied Therapeutics Inc. Common Stock,$6.11,0.10,1.664%,646968537.0,United States,2019.0,867400,Health Care,Biotechnology: Pharmaceutical Preparations,5.96,10.928861433685988,30309.819544792175,1.0583332753843755,99.67106078387637,1515790.0,428186.0
PALT,Paltalk Inc. Common Stock,$4.93,0.04,0.818%,45465234.0,United States,,67467,Consumer Discretionary,Business Services,4.41,8.279342554193958,2945.1699006557465,1.0578230729818718,115.00000953674316,120590.0,68364.0
TRML,Tourmaline Bio Inc. Common Stock,$45.39,-0.25,-0.548%,923084674.0,United States,2021.0,270916,Health Care,Biotechnology: Pharmaceutical Preparations,40.01,7.647796729791478,24585.879642486572,1.0577956754074633,110.36297315615025,192160.0,82276.0
ULCC,Frontier Group Holdings Inc. Common Stock,$7.61,0.11,1.467%,1699879154.0,United States,2021.0,1342130,Consumer Discretionary,Air Freight/Delivery Services,7.28,5.299622779746738,166534.38553619385,1.0576036846106855,37.72200889844445,2324940.0,566017.0
UNCY,Unicycive Therapeutics Inc. Common Stock,$1.39,-0.04,-2.797%,48308617.0,United States,2021.0,152768,Health Care,Biotechnology: Pharmaceutical Preparations,1.43,13.173189317709433,183.80399656295776,1.0573170626220214,142.07013407164817,427440.0,89883.0
NKTX,Nkarta Inc. Common Stock,$12.90,-0.20,-1.527%,633033212.0,United States,2020.0,470491,Health Care,Biotechnology: Pharmaceutical Preparations,11.4,10.287437770543928,151434.78155708313,1.0569800707199772,221.70543094128644,787310.0,310801.0
KROS,Keros Therapeutics Inc. Common Stock,$67.66,0.11,0.163%,2434584610.0,United States,2020.0,252141,Health Care,Biotechnology: Pharmaceutical Preparations,63.86,5.622423287528333,149636.7021560669,1.0568862749624737,87.50000137973709,522620.0,86154.0
RGTI,Rigetti Computing Inc. Common Stock,$2.04,-0.17,-7.692%,299158927.0,United States,,11642136,Technology,Retail: Computer Software & Peripheral Equipment,2.03,14.912017791869857,13776.399869918823,1.0564853783442354,71.68869189615205,10133970.0,8567068.0
VTYX,Ventyx Biosciences Inc. Common Stock,$8.41,-0.01,-0.119%,498312255.0,United States,2021.0,1720977,Health Care, Medicinal Chemicals and Botanical Products ,7.98,21.16461086894259,45621.260662555695,1.0563002780356916,272.6635286772416,3260040.0,459828.0
IMNM,Immunome Inc. Common Stock,$23.70,-0.64,-2.629%,1012697374.0,United States,2020.0,332534,Health Care, Medicinal Chemicals and Botanical Products ,22.1,8.339893796093056,52542.0,1.0559249246086317,190.40590747857783,607920.0,305917.0
PRAX,Praxis Precision Medicines Inc. Common Stock,$55.19,0.67,1.229%,730624481.0,United States,2020.0,79452,Health Care,Biotechnology: Pharmaceutical Preparations,54.57,7.445465618691882,55344.17729187012,1.0555711527110982,212.99999461454502,145100.0,47296.0
BNTC,Benitec Biopharma Inc. Common Stock,$5.19,0.205,4.112%,13454732.0,United States,2015.0,11371,Health Care,Biotechnology: Pharmaceutical Preparations,5.14,10.677030815964962,42.749998569488525,1.0555555015925036,63.29112997652558,12000.0,706.0
UGRO,urban-gro Inc. Common Stock,$2.08,0.12,6.122%,24274806.0,United States,,58186,Consumer Discretionary,Industrial Specialties,2.19,10.593879670393358,918.0799884796143,1.055555500366072,85.71427998995036,75680.0,28605.0
BHVN,Biohaven Ltd. Common Shares ,$59.75,1.17,1.997%,4874399862.0,United States,2022.0,2362403,Health Care,Biotechnology: Pharmaceutical Preparations,56.74,6.842373236825594,441415.53481292725,1.0554497380051058,50.10427767176977,1895460.0,179237.0
LIFE,aTyr Pharma Inc. Common Stock,$1.63,0.01,0.617%,95452899.0,United States,2015.0,299706,Health Care,Biotechnology: Biological Products (No Diagnostic Substances),1.955,7.284726926658225,8028.0,1.0548522831805673,40.00000510896964,772090.0,221627.0
SG,Sweetgreen Inc. Class A Common Stock,$21.37,1.57,7.929%,2414377856.0,United States,2021.0,4276951,Consumer Discretionary,Restaurants,22.08,5.778895333072276,204615.53779506683,1.0546176968622505,105.62800559477587,3119260.0,1122366.0
ADTH,AdTheorent Holding Company Inc. Common Stock,$3.29,0.42,14.634%,290315844.0,United States,2021.0,961508,Consumer Discretionary,Advertising,3.06,10.487772834444664,4127.96989774704,1.0543130802679517,112.58278532585742,411030.0,181657.0
EVTV,Envirotech Vehicles Inc. Common Stock,$2.29,-0.265,-10.372%,34592942.0,United States,,6385,Consumer Discretionary,Auto Parts:O.E.M.,2.11,9.269622419247492,219.53800463676453,1.0529148114387032,78.86178972101925,20680.0,16100.0
SERA,Sera Prognostics Inc. Class A Common Stock,$9.15,0.00,0.00%,286729085.0,United States,2021.0,57445,Health Care,Precision Instruments,8.96,7.287909614243704,4440.0,1.0526316141707976,59.23076465363404,126180.0,72157.0
ERNA,Eterna Therapeutics Inc. Common Stock,$2.24,-0.20,-8.197%,12119141.0,United States,,7007,Health Care,Biotechnology: Pharmaceutical Preparations,2.35,9.782708618634594,198.79999661445618,1.0526315270557125,60.52632156831743,17940.0,1595.0
AQST,Aquestive Therapeutics Inc. Common Stock,$5.44,0.34,6.667%,398758533.0,United States,2018.0,2245885,Health Care,Biotechnology: Pharmaceutical Preparations,5.51,15.096750370317347,16792.0803937912,1.0517241928580274,181.21826809115916,3933610.0,1559590.0
REAL,The RealReal Inc. Common Stock,$3.25,-0.11,-3.274%,340250336.0,United States,2019.0,2317042,Consumer Discretionary,Other Specialty Stores,3.11,11.664810677965054,34926.880633592606,1.0514285905020577,40.79497329861667,5540800.0,4734492.0
VERA,Vera Therapeutics Inc. Class A Common Stock,$45.23,1.04,2.353%,2009702102.0,United States,2021.0,556310,Health Care,Biotechnology: Pharmaceutical Preparations,41.47,7.00483864902588,68618.28140258789,1.0514084863180306,166.24999046325684,823130.0,256244.0
POWL,Powell Industries Inc. Common Stock,$169.46,10.50,6.605%,2028049492.0,United States,,498683,Energy,Electrical Products,153.66,6.722410211309704,180231.86794281006,1.0513828564936807,53.96709049102112,572140.0,268158.0
CELH,Celsius Holdings Inc. Common Stock,$96.11,5.04,5.534%,22373735903.0,United States,,5750779,Consumer Staples,Beverages (Production/Distribution),89.54,6.511029622630793,8850933.855747223,1.0511524998145099,70.9894040596188,4753250.0,2244398.0
DWAC,Digital World Acquisition Corp. Class A Common Stock,$40.19,0.00,0.00%,1494277503.0,United States,2021.0,483205,Technology,Computer Software: Programming Data Processing,35.575,8.467813042027107,1422541.454744339,1.0505774002208301,90.1290054455178,1266260.0,1102453.0
LPCN,Lipocine Inc. Common Stock,$4.79,0.83,20.96%,25462826.0,United States,,105505,Health Care,Biotechnology: Pharmaceutical Preparations,4.49,9.067854163350164,633.3599967956543,1.0501392955600815,54.43685980442679,38990.0,6557.0
GERN,Geron Corporation Common Stock,$1.75,-0.13,-6.915%,955603791.0,United States,1996.0,20795315,Health Care,Biotechnology: Pharmaceutical Preparations,3.175,10.47214122623319,57180.05956721306,1.0500000198682156,44.313048161901555,29096880.0,12397191.0
BARK,BARK Inc. Class A Common Stock,$1.30,-0.01,-0.763%,230332535.0,United States,2020.0,586370,Consumer Discretionary,Department/Specialty Retail Stores,1.33,8.20396608225753,6156.6539804935455,1.0499999792076824,83.3791298425807,962340.0,183049.0
GVP,GSE Systems Inc. Common Stock,$2.17,-0.01,-0.459%,5657713.0,United States,,22167,Technology,Computer Software: Prepackaged Software,2.61,11.763790517524942,976.629985332489,1.0495867280065765,31.867647299442055,66440.0,64999.0
VKTX,Viking Therapeutics Inc. Common Stock,$71.96,4.86,7.243%,7231140874.0,United States,2015.0,5136962,Health Care,Biotechnology: Pharmaceutical Preparations,63.35,13.240449027213286,837883.7776184082,1.049409475876799,253.28981789551216,8388540.0,2315520.0
CRDF,Cardiff Oncology Inc. Common Stock,$5.40,0.92,20.536%,241256713.0,United States,,3965168,Health Care,Biotechnology: Biological Products (No Diagnostic Substances),5.17,17.084811750672447,1167.2299926280975,1.048611062820313,269.85295271326913,2382860.0,386718.0
LXRX,Lexicon Pharmaceuticals Inc. Common Stock,$2.48,-0.04,-1.587%,607413244.0,United States,,5957035,Health Care,Biotechnology: Pharmaceutical Preparations,2.52,10.604681650313363,30533.098880052567,1.0483870502565211,96.45668685277333,6472550.0,1679047.0
LUNR,Intuitive Machines Inc. Class A Common Stock,$5.29,-0.52,-8.95%,222475097.0,United States,2021.0,3425562,Industrials,Industrial Machinery/Components,5.32,18.0810600333013,20459.789177656174,1.0481927249395504,92.01094149843291,4200870.0,1214817.0
SNCR,Synchronoss Technologies Inc. Common Stock,$9.38,-0.94,-9.109%,97277654.0,United States,2018.0,281305,Technology,EDP Services,8.75,14.541638328377005,5750.559844970703,1.04814810138017,47.431497118401275,132490.0,22174.0
NGM,NGM Biopharmaceuticals Inc. Common Stock,$1.53,-0.01,-0.649%,127697484.0,United States,2019.0,363556,Health Care,Biotechnology: Pharmaceutical Preparations,1.56,5.801378958257852,6631.219710350037,1.047999954223633,67.20429414930426,779910.0,402702.0
TLPH,Talphera Inc. Common Stock,$1.17,0.08,7.339%,19853851.0,United States,2011.0,102718,Health Care,Biotechnology: Pharmaceutical Preparations,1.15,8.844384256084803,1234.6399933099747,1.0476190746506333,52.666664123535156,75260.0,26120.0
SANA,Sana Biotechnology Inc. Common Stock,$9.85,0.58,6.257%,2171408436.0,United States,2021.0,1158411,Health Care, Medicinal Chemicals and Botanical Products ,8.91,10.01655711914382,216198.61755514145,1.047619052320193,103.5211176166919,1778960.0,725776.0
INZY,Inozyme Pharma Inc. Common Stock,$5.77,0.05,0.874%,356359516.0,United States,2020.0,544272,Health Care,Biotechnology: Pharmaceutical Preparations,6.0,6.870493512139575,15684.08979177475,1.0473876506701214,37.85714820939692,625260.0,320341.0
COYA,Coya Therapeutics Inc. Common Stock,$9.79,0.78,8.657%,98197968.0,United States,2022.0,108526,Health Care,Biotechnology: Pharmaceutical Preparations,9.86,8.556975221686658,2835.749900341034,1.04736841929146,32.392477227340635,189460.0,37711.0
DNTH,Dianthus Therapeutics Inc. Common Stock,$29.30,4.15,16.501%,434160427.0,United States,2018.0,324833,Health Care,Biotechnology: Pharmaceutical Preparations,26.35,7.548263543274869,2521.449959754944,1.0473269035122297,323.8439248603873,140580.0,84071.0
GANX,Gain Therapeutics Inc. Common Stock,$4.54,-0.02,-0.439%,58612953.0,United States,2021.0,58829,Health Care,Biotechnology: Pharmaceutical Preparations,4.36,6.435499505329334,1655.0099620819092,1.0471697653458902,68.75001047737919,147820.0,15528.0
OMGA,Omega Therapeutics Inc. Common Stock,$3.91,0.00,0.00%,215604587.0,United States,2021.0,170190,Health Care,Biotechnology: Pharmaceutical Preparations,3.52,7.095959873931723,20405.34930706024,1.0462589045195385,43.14113014635632,345450.0,105022.0
CREX,Creative Realities Inc. Common Stock,$3.60,-0.03,-0.826%,37472497.0,United States,,31604,Technology,EDP Services,4.28,7.388776096600891,2242.5,1.0460250586893742,75.40984055073908,56020.0,38526.0
CLRB,Cellectar Biosciences Inc.  Common Stock,$3.54,-0.09,-2.479%,107800229.0,United States,,483962,Health Care,Biotechnology: Pharmaceutical Preparations,3.35,6.708677811540165,41436.360227108,1.0450450747159454,43.84615948919735,894970.0,1864213.0
ARQT,Arcutis Biotherapeutics Inc. Common Stock,$11.06,0.95,9.397%,1070755795.0,United States,2020.0,3362694,Health Care,Biotechnology: Pharmaceutical Preparations,10.235,9.885260515944982,70372.25,1.0450161124201134,302.92968011490285,4557230.0,1113788.0
AUVIP,Applied UV Inc. 10.5% Series A Cumulative Perpetual Preferred Stock $0.0001 par value per share,$3.99,-0.11,-2.683%,2210919.0,United States,,3043,Consumer Discretionary,Building Products,4.5,12.79295753423144,31.20000123977661,1.043478323967111,109.04976496891065,2590.0,265.0
TSHA,Taysha Gene Therapies Inc. Common Stock,$2.26,0.01,0.444%,422530036.0,United States,2020.0,1054431,Health Care,Biotechnology: Pharmaceutical Preparations,2.13,12.959303956722978,11230.56044626236,1.04347830593924,50.32679708007358,1723590.0,720441.0
AIRI,Air Industries Group Common Stock,$4.05,-0.09,-2.174%,13377332.0,United States,,2130,Industrials,Military/Government/Technical,4.55,6.805642007687229,604.5399808883667,1.0432276241245246,52.4590219037888,7860.0,15190.0
KPLT,Katapult Holdings Inc. Common Stock,$18.40,2.76,17.647%,74799220.0,United States,2019.0,63332,Consumer Discretionary,Diversified Commercial Services,13.75,7.871245708504548,3060.5100440979004,1.0431441791675153,39.08965317056707,22720.0,31543.0
SILK,Silk Road Medical Inc. Common Stock,$15.48,-0.40,-2.519%,606423102.0,United States,2019.0,521787,Health Care,Medical/Dental Instruments,16.99,6.257233642481963,403667.5603694916,1.0428371222019805,75.02393540056467,964690.0,274379.0
OCGN,Ocugen Inc. Common Stock,$1.04,0.056,5.691%,266762531.0,United States,2014.0,5525320,Health Care,Biotechnology: Biological Products (No Diagnostic Substances),1.03,12.880616314227078,8649.728410840034,1.0427699140515583,179.18782770263576,5114540.0,2177709.0
TARS,Tarsus Pharmaceuticals Inc. Common Stock,$31.35,0.74,2.418%,1072762076.0,United States,2020.0,334787,Health Care, Medicinal Chemicals and Botanical Products ,30.61,7.360513594421625,156259.39695358276,1.0426287329022546,65.79634795019778,647730.0,148173.0
FULC,Fulcrum Therapeutics Inc. Common Stock,$11.36,0.45,4.125%,703583543.0,United States,2019.0,1183382,Health Care,Biotechnology: Pharmaceutical Preparations,10.12,7.74863944213442,49388.04054450989,1.0421687071443493,72.63513742092317,815060.0,180809.0
OCTO,Eightco Holdings Inc. Common Stock,$0.7056,-0.0216,-2.97%,3059280.0,United States,,334111,,,0.83,10.871416598702965,889.3720098733902,1.0415704543766706,59.18366453241495,321540.0,66299.0
BIAF,bioAffinity Technologies Inc. Common Stock,$1.915,-0.095,-4.726%,18196795.0,United States,2022.0,300052,Health Care,Biotechnology: In Vitro & In Vivo Diagnostic Substances,2.13,23.197770183347366,143.21999645233154,1.0405405013556028,45.51722935915883,843980.0,144232.0
KOD,Kodiak Sciences Inc Common Stock,$6.32,0.39,6.577%,331624879.0,United States,2018.0,474624,Health Care,Biotechnology: Biological Products (No Diagnostic Substances),5.67,8.691733868872165,14951.039451599121,1.0399999618530273,84.28762562127376,671140.0,995488.0
TPC,Tutor Perini Corporation Common Stock,$12.68,0.08,0.635%,659683302.0,United States,1970.0,340488,Consumer Discretionary,General Bldg Contractors - Nonresidential Bldgs,12.91,5.044968288029494,48905.122062683105,1.0395913694300487,50.00000543094729,498570.0,182985.0
BYRN,Byrna Technologies Inc. Common Stock,$12.05,0.56,4.874%,265124425.0,United States,,136337,Miscellaneous,Industrial Machinery/Components,12.98,8.237618068973296,6994.800243377686,1.0378657950422558,111.72638896881477,236370.0,86653.0
BCLI,Brainstorm Cell Therapeutics Inc. Common Stock,$0.3306,0.0225,7.303%,16193313.0,United States,,682017,Health Care,Biotechnology: Biological Products (No Diagnostic Substances),0.3284,10.63032488151614,3034.3600129187107,1.0370370002440479,72.64999191984546,549000.0,321905.0
OPGN,OpGen Inc. Common Stock,$0.5201,0.0153,3.031%,5208034.0,United States,2015.0,120091,Health Care,Medical Specialities,0.485,9.85647845374662,1103.6300352215767,1.0367347067865118,31.216932134670234,142590.0,144036.0
SMR,NuScale Power Corporation Class A Common Stock,$7.08,0.81,12.919%,1637830744.0,United States,2022.0,8044650,Industrials,Electrical Products,10.1,18.24239941643031,37939.35018181801,1.0364583614670366,78.05555603386445,8011140.0,12401001.0
RLMD,Relmada Therapeutics Inc. Common Stock,$5.64,0.11,1.989%,169759505.0,United States,,128350,Health Care,Biotechnology: Pharmaceutical Preparations,5.52,8.131195967282956,2968.720049381256,1.0361446163827033,131.44758338737807,144080.0,123292.0
GBIO,Generation Bio Co. Common Stock,$3.00,-0.10,-3.226%,199431333.0,United States,2020.0,296601,Health Care,Biotechnology: Pharmaceutical Preparations,2.96,9.568841206839585,2477.3600273132324,1.0359281817549106,56.08465978898442,309540.0,36653.0
HEAR,Turtle Beach Corporation Common Stock,$11.03,0.00,0.00%,191966263.0,United States,,476440,Telecommunications,Telecommunications Equipment,16.75,5.8614698901190865,27638.25,1.0356454606435244,57.875128208318735,853020.0,383266.0
SWTX,SpringWorks Therapeutics Inc. Common Stock,$51.25,1.50,3.015%,3781575806.0,United States,2019.0,1762202,Health Care,Biotechnology: Pharmaceutical Preparations,48.43,5.537600876644033,289676.64110946655,1.0353430516250086,53.06495036705553,1121470.0,810602.0
NOTE,FiscalNote Holdings Inc. Class A common stock,$1.68,0.07,4.348%,217110807.0,United States,2022.0,952877,Technology,EDP Services,1.75,12.105595528959402,4827.599872112274,1.0344827255463724,56.250005731216056,1544440.0,645705.0
PEPG,PepGen Inc. Common Stock,$13.75,-0.14,-1.008%,444874306.0,United States,2022.0,91076,Health Care,Biotechnology: Pharmaceutical Preparations,13.65,9.679667710714446,1648.8500046730042,1.0337941294096449,143.76038370394394,158660.0,25526.0
ATNM,Actinium Pharmaceuticals Inc. (Delaware) Common Stock,$6.70,0.11,1.669%,183670055.0,United States,,104131,Health Care,Biotechnology: Pharmaceutical Preparations,6.54,8.473358590748958,6013.959977149963,1.0329217783984728,65.58883081896977,183450.0,1114120.0
GIFI,Gulf Island Fabrication Inc. Common Stock,$6.87,0.04,0.586%,111273603.0,United States,1997.0,99750,Industrials,Metal Fabrications,7.15,6.6174368161814545,515.9699821472168,1.0327868541243455,67.2209001915277,148010.0,34768.0
LRMR,Larimar Therapeutics Inc. Common Stock,$9.30,0.53,6.043%,408324898.0,United States,2014.0,518471,Health Care,Biotechnology: Pharmaceutical Preparations,8.35,9.072668698332297,1361.0400667190552,1.0325694160441612,119.84733324577164,663600.0,364560.0
CAVA,CAVA Group Inc. Common Stock,$65.44,-0.40,-0.608%,7460306389.0,United States,2023.0,2931269,Consumer Discretionary,Restaurants,62.05,5.370267266420359,729131.25,1.032366089009661,58.33741407850566,3003080.0,1068042.0
EVER,EverQuote Inc. Class A Common Stock,$19.10,0.80,4.372%,653787881.0,United States,2018.0,1078985,Technology,Computer Software: Programming Data Processing,17.17,7.407441067981924,13593.239433288574,1.0314700864318265,40.46628241241959,542500.0,104095.0
YMAB,Y-mAbs Therapeutics Inc. Common Stock,$15.84,-0.25,-1.554%,693429343.0,United States,2018.0,190254,Health Care,Biotechnology: Pharmaceutical Preparations,13.76,6.700489913309471,19679.240240097046,1.0307692001355684,141.04133637662045,281630.0,520591.0
AHCO,AdaptHealth Corp. Common Stock,$10.36,-0.47,-4.34%,1376917587.0,United States,2018.0,753304,Health Care,Medical/Nursing Services,9.96,5.770525548426875,39598.67934036255,1.030757678151443,34.522299973339635,1092700.0,345068.0
FWBI,First Wave BioPharma Inc. Common Stock,$6.53,0.85,14.965%,4407743.0,United States,2016.0,119649,Health Care,Biotechnology: Pharmaceutical Preparations,4.87,14.407459497542563,8708.82009601593,1.029761948265863,42.53521157029933,200350.0,20385.0
IPSC,Century Therapeutics Inc. Common Stock,$4.86,0.11,2.316%,290797944.0,United States,2021.0,105222,Health Care, Medicinal Chemicals and Botanical Products ,4.75,9.790107204044807,3129.1099376678467,1.0295698640456519,94.17082491831681,158650.0,26921.0
SNDA,Sonida Senior Living Inc. Common Stock,$25.83,-1.16,-4.298%,297786941.0,United States,,32572,Health Care,Hospital/Nursing Management,27.59,15.139838204557932,546.0000228881836,1.0294117900898136,188.7754967986224,64320.0,10084.0
CDXC,ChromaDex Corporation Common Stock,$2.10,0.15,7.692%,158149148.0,United States,,512860,Health Care, Medicinal Chemicals and Botanical Products ,2.99,10.45149975507047,656.5999888181686,1.0294117363472715,97.85714486423808,499540.0,884504.0
KINS,Kingstone Companies Inc. Common Stock,$3.81,0.01,0.263%,40993047.0,United States,,11397,Finance,Specialty Insurers,3.97,6.926839996002276,133.3800015449524,1.0291666376921877,69.62082506732841,15130.0,3301.0
GMGI,Golden Matrix Group Inc. Common Stock,$2.93,0.00,0.00%,106222556.0,United States,,14681,Technology,Computer Software: Prepackaged Software,3.14,6.252392423747644,909.4799509048462,1.029126186624347,48.01761776775089,32210.0,12317.0
MNMD,Mind Medicine (MindMed) Inc. Common Shares,$8.60,0.74,9.415%,355475040.0,United States,,3227975,Health Care, Medicinal Chemicals and Botanical Products ,9.91,14.03392543894495,15081.589639425278,1.0286532677247304,176.33612093226435,6753360.0,2160255.0
NNBR,NN Inc. Common Stock,$4.37,0.21,5.048%,206931780.0,United States,1994.0,258796,Industrials,Industrial Machinery/Components,4.77,7.78094456713565,3455.3400082588196,1.0283504875905591,67.55853554856886,235430.0,59905.0
ADVM,Adverum Biotechnologies Inc. Common Stock,$1.80,-0.01,-0.552%,181848913.0,United States,2014.0,1640372,Health Care,Biotechnology: Biological Products (No Diagnostic Substances),1.77,9.668072996448096,3049.407963991165,1.0278787905935634,109.75919193927608,1995240.0,2657894.0
STXS,Stereotaxis Inc. Common Stock,$2.49,0.01,0.403%,204500617.0,United States,,243503,Health Care,Biotechnology: Electromedical & Electrotherapeutic Apparatus,2.48,7.665669870534364,1589.150020480156,1.0277778182500685,50.00000354789563,284850.0,133206.0
VXRT,Vaxart Inc Common Stock,$1.13,-0.01,-0.877%,171803889.0,United States,,995334,Health Care,Biotechnology: Biological Products (No Diagnostic Substances),1.16,8.807384583617473,14652.000188827515,1.0277777501830359,95.08197201864903,1441810.0,2297348.0
THMO,ThermoGenesis Holdings Inc. Common Stock,$0.751,-0.003,-0.398%,2355515.0,United States,,28045,Industrials,Medical Specialities,0.73,9.404422069106943,102.8600013256073,1.0277777501830359,45.92591783146832,19480.0,5904.0
PODC,PodcastOne Inc. Common Stock,$2.35,-0.17,-6.746%,54402820.0,United States,,184101,,,2.09,13.716021427722902,284.40000772476196,1.0259740792552918,50.0,82490.0,18573.0
CRGX,CARGO Therapeutics Inc. Common Stock,$30.92,1.85,6.364%,1274062991.0,United States,2023.0,371377,,,26.605,12.068362889201989,17850.02058982849,1.0253121075275193,34.105308892364256,774400.0,133151.0
OCUL,Ocular Therapeutix Inc. Common Stock,$9.59,0.30,3.229%,1425337140.0,United States,2014.0,3135296,Health Care,Biotechnology: Pharmaceutical Preparations,9.44,7.555151244120717,84622.99790382385,1.0239361474461661,134.65345623142372,3109340.0,616441.0
ALRN,Aileron Therapeutics Inc. Common Stock,$5.57,0.32,6.095%,27212302.0,United States,2017.0,24191,Health Care,Biotechnology: Pharmaceutical Preparations,5.41,7.199924866261709,1892.429944038391,1.023809501283203,68.16769918446779,22140.0,12786.0
FDMT,4D Molecular Therapeutics Inc. Common Stock,$29.40,0.87,3.049%,1463476934.0,United States,2020.0,437195,Health Care,Biotechnology: Pharmaceutical Preparations,31.03,6.241643425174059,87193.603515625,1.0234375788042207,53.788996610890024,715600.0,167732.0
ALLO,Allogene Therapeutics Inc. Common Stock,$4.88,-0.02,-0.408%,821190111.0,United States,2018.0,2561892,Health Care,Biotechnology: Biological Products (No Diagnostic Substances),4.195,8.526467293772955,81681.05773115158,1.0231787859883767,47.324421262822675,3598330.0,944652.0
RNA,Avidity Biosciences Inc. Common Stock,$24.83,2.14,9.431%,1979434515.0,United States,2020.0,1494146,Health Care,Biotechnology: Pharmaceutical Preparations,23.93,8.359191439500524,91795.59862136841,1.023162088133718,168.38640707322784,1584670.0,532877.0
SONN,Sonnet BioTherapeutics Holdings Inc. Common Stock,$1.79,-0.01,-0.556%,5494434.0,United States,,59706,Health Care,Biotechnology: Pharmaceutical Preparations,2.26,10.691186782731066,242.06000781059265,1.0230769936149668,40.38462420187085,405630.0,56011.0
BOF,BranchOut Food Inc. Common Stock,$2.05,-0.17,-7.658%,8290717.0,United States,2023.0,22878,Consumer Staples,Packaged Foods,2.395,17.68778281405701,321.75,1.0227272505602565,66.28353743395645,21650.0,6992.0
HNST,The Honest Company Inc. Common Stock,$4.63,0.13,2.889%,443984571.0,United States,2021.0,1881614,Consumer Discretionary,Catalog/Specialty Distribution,4.14,9.545953981904853,11969.100211381912,1.0227272501497566,37.99999554951985,2651010.0,585268.0
TBIO,Telesis Bio Inc. Common Stock,$0.5433,0.0003,0.055%,16290149.0,United States,2000.0,60313,Health Care,Medical Specialities,0.54,18.700779747062835,62.44900032877922,1.0225806426803479,32.499990873038904,130140.0,14149.0
NBSE,NeuBase Therapeutics Inc.  Common Stock,$0.9211,-0.0289,-3.042%,3434972.0,United States,,58609,Health Care,Biotechnology: Pharmaceutical Preparations,1.01,12.3538540188161,145.89472044944762,1.0214999905625983,45.37658942170461,124533.0,69273.0
KYMR,Kymera Therapeutics Inc. Common Stock,$42.30,0.45,1.075%,2585023979.0,United States,2020.0,742476,Health Care, Medicinal Chemicals and Botanical Products ,39.32,5.32808600771868,193694.53838729858,1.021173837043417,59.35497990712067,780880.0,1120732.0
FIXX,Homology Medicines Inc. Common Stock,$0.91,0.0125,1.393%,52720242.0,United States,2018.0,88770,Health Care,Biotechnology: Pharmaceutical Preparations,0.9,5.325094217202131,202.7560087442398,1.0191304998632202,61.60713706013502,171230.0,154367.0
BTOG,Bit Origin Limited Ordinary Shares,$3.90,-1.38,-26.136%,13186259.0,United States,2019.0,846598,Finance,Finance: Consumer Services,5.54,17.78413945854758,422.5,1.016260146842582,35.30348135015137,478210.0,59366.0
BRCC,BRC Inc. Class A Common Stock,$4.68,0.05,1.08%,992866820.0,United States,2022.0,1009313,Consumer Staples,Beverages (Production/Distribution),4.89,5.978213251133524,10346.399725914001,1.0155147608335517,34.56284358575542,1354080.0,289481.0
VMEO,Vimeo Inc. Common Stock,$5.41,-0.06,-1.097%,909117667.0,United States,,3245690,Technology,Computer Software: Prepackaged Software,5.58,7.366182280620848,29302.290454387665,1.0151306924075651,35.21635111355235,4757470.0,1587138.0
HIMS,Hims & Hers Health Inc. Class A Common Stock,$15.12,0.50,3.42%,3239464733.0,United States,2019.0,5140121,Health Care,Medical/Nursing Services,15.68,6.626839359032299,144668.15469360352,1.0145103619194518,78.85713849748885,5941590.0,2452034.0
DTST,Data Storage Corporation Common Stock,$6.67,1.03,18.262%,45753712.0,United States,,554376,Technology,EDP Services,5.8,12.257633679705805,388.60001277923584,1.0139860845240578,89.64402253356552,234260.0,79888.0
NUVB,Nuvation Bio Inc. Class A Common Stock,$2.41,0.08,3.433%,527901388.0,United States,2020.0,604178,Health Care,Biotechnology: Pharmaceutical Preparations,2.26,7.931273528223803,7412.42019367218,1.013888875091518,37.22068236710508,758210.0,1666067.0
DARE,Dare Bioscience Inc. Common Stock,$0.4603,0.0002,0.043%,45368247.0,United States,2014.0,136921,Health Care,Biotechnology: Pharmaceutical Preparations,0.51,13.201785179666391,458.4900035262108,1.0130719221602282,52.04677465680274,240820.0,55568.0
MAX,MediaAlpha Inc. Class A Common Stock,$19.70,-0.05,-0.253%,1288996275.0,United States,2020.0,300451,Industrials,Industrial Machinery/Components,19.06,5.790208763326499,7378.000259399414,1.0121268760450273,68.68953824296955,387430.0,87747.0
VANI,Vivani Medical Inc. Common Stock (DE),$1.93,-0.03,-1.531%,98478366.0,United States,2014.0,239917,Health Care,Biotechnology: Electromedical & Electrotherapeutic Apparatus,2.02,17.267349516088302,225.41999578475952,1.0099009807501782,118.95387478800626,644190.0,138067.0
SPRY,ARS Pharmaceuticals Inc. Common Stock,$9.00,0.54,6.383%,863975268.0,United States,2020.0,660986,Health Care,Biotechnology: Pharmaceutical Preparations,9.12,6.114423001447156,17738.60055923462,1.0091743630067895,62.500013649919254,836670.0,483345.0
JYNT,The Joint Corp. Common Stock,$11.97,-0.30,-2.445%,176871629.0,United States,2014.0,127589,Miscellaneous,Multi-Sector Companies,12.29,6.841375234544733,6599.19997215271,1.0085908358530034,40.65217226800032,211410.0,61697.0
DYN,Dyne Therapeutics Inc. Common Stock,$27.77,0.67,2.472%,2275975548.0,United States,2020.0,1437798,Health Care, Medicinal Chemicals and Botanical Products ,26.28,7.4419452165025435,125975.299077034,1.0083925188096716,118.63600670461045,2180920.0,284525.0
OSCR,Oscar Health Inc. Class A Common Stock,$14.25,-0.35,-2.397%,3273612614.0,United States,2021.0,3456254,Finance,Accident &Health Insurance,13.83,5.425271565127687,262874.2587852478,1.006566575593452,72.2222182535402,3218810.0,643671.0
XPDB,Power & Digital Infrastructure Acquisition II Corp. Class A Common Stock,$18.38,-2.62,-12.476%,0.0,United States,2022.0,17773,Finance,Blank Checks,19.4,25.36863951831596,54830.48412837982,1.0055814343829488,81.47802039328674,108430.0,12678.0
FGEN,FibroGen Inc Common Stock,$2.00,0.11,5.82%,197542494.0,United States,2014.0,3065544,Health Care,Biotechnology: Pharmaceutical Preparations,2.17,14.498375971022814,5273.093079090118,1.0039473960769476,275.8064364171302,1543070.0,729625.0
XPDBU,Power & Digital Infrastructure Acquisition II Corp. Unit,$17.83,-3.17,-15.095%,0.0,United States,2021.0,501,Finance,Blank Checks,17.83,14.140591969312277,0.0,1.0,66.63551627605682,1364.0,1.0
JAN,JanOne Inc. Common Stock (NV),$2.69,0.15,5.906%,13336070.0,United States,,217423,Utilities,Environmental Services,2.81,20.892480187696894,30.0,1.0,352.57375781480386,427870.0,125828.0
REFR,Research Frontiers Incorporated Common Stock,$1.25,-0.10,-7.407%,41886609.0,United States,,49875,Technology,Industrial Machinery/Components,1.25,8.033969620025028,172.2600016593933,1.0,37.09677057550719,72270.0,11041.0
SRTS,Sensus Healthcare Inc. Common Stock,$3.89,0.34,9.577%,63727552.0,United States,2016.0,228177,Health Care,Medical/Dental Instruments,3.6,9.644125671468995,1200.5999517440796,1.0,46.27442748396075,181180.0,87336.0
HCWB,HCW Biologics Inc. Common Stock,$1.48,-0.035,-2.31%,53242364.0,United States,2021.0,47470,Health Care,Biotechnology: Pharmaceutical Preparations,1.77,9.85872462759323,166.10000360012054,1.0,35.245896513441046,38880.0,3932.0
