Symbol,adr_pct_20_days,volume_dollars_1day,price_growth_one_month,move_higher_3_months_percent,avg_volume_10_days,volume_cal,is_10_below_20_mv_10_days,is_higher_low_5_days
BBLGW,110.52354399043129,512.0,2.1276595798646123,516.666687136949,1520.0,4169.0,0.0,0.0
TCRT,110.79343915056099,33572.428876590726,2.126865547493113,148.00000190734863,69290.0,61772.0,1.0,1.0
MPU,108.23284130491967,32816.63072037697,1.7300885408540259,119.99999829701011,520620.0,462814.0,1.0,1.0
SHCRW,137.451995226453,24.514001332223415,1.7000001303851633,42.857141590037294,29440.0,679.0,1.0,1.0
MCAF,104.99518529945956,2925.7498741149902,1.6706637123865342,30.049264092253292,2740.0,3739.0,1.0,0.0
LIDRW,155.72008278685334,0.0,1.6666666149265241,240.00002607703266,186240.0,41303.0,0.0,0.0
NVFY,109.72763913265176,172.90000557899475,1.5555555710473408,86.50306568995009,7193040.0,69056891.0,1.0,0.0
LIBYW,105.58690508765545,0.0,1.5,200.0,2050.0,9114.0,0.0,0.0
DAVE,112.81460641016457,45144.00097846985,1.491525431947782,390.01217241548744,117370.0,207980.0,0.0,1.0
LVO,108.00691897495227,10829.21989774704,1.4852941313966888,80.53097083729335,414120.0,557627.0,0.0,1.0
MIMO,109.026674742902,4746.741903617978,1.4796747258322707,35.29411867828104,355830.0,218909.0,1.0,1.0
INO,109.28698050984367,27851.623352651597,1.471458775915671,86.21795371439347,588410.0,558030.0,0.0,1.0
LBPH,106.56247294043627,96134.15028572083,1.4668571472167968,222.25806704669054,750410.0,398261.0,1.0,0.0
SLDB,111.09146031430134,8259.509979724884,1.4388888599450702,122.4919155652538,467990.0,422584.0,0.0,1.0
MLGO,115.7654527073148,9890.94409751892,1.4378378334839559,255.75221220266383,2189820.0,2818971.0,1.0,0.0
ARMP,109.2752671568071,260.70000314712524,1.4311594425117087,61.206901601463805,13760.0,6274.0,0.0,0.0
CLNN,109.3997460459314,4705.769912004471,1.416666583882441,57.1428556223305,486110.0,306235.0,0.0,1.0
IKT,108.44115046816418,16753.600215911865,1.3962265084586867,81.30081174740657,51670.0,18974.0,0.0,1.0
GXAI,127.58123151941976,1380.0,1.3812155132783346,47.05882627933776,4661190.0,175515.0,0.0,0.0
GRTS,110.54158686572863,89473.67969083786,1.3596059257940367,33.65854015951715,1348750.0,1119512.0,0.0,1.0
XBIOW,103.34132865361288,38.0,1.3571428571428572,267.4999952316284,40.0,3.0,0.0,0.0
STIX,108.55016430155572,50.399999141693115,1.3461538726056126,32.35293627816505,12660.0,3306.0,0.0,1.0
MCAFU,99.88890180510263,102.06000137329102,1.3383163003799465,34.01850539918868,270.0,600.0,1.0,0.0
SYRE,110.00311453338239,45326.49935722351,1.3369780564857672,113.47151498237234,606650.0,287033.0,0.0,0.0
BZFD,110.03228749081447,460.31500765681267,1.3354037617750412,32.14285828325213,1550920.0,1726604.0,0.0,0.0
ICU,113.57955659857771,123601.05892187357,1.3290113685477971,81.77675603561507,3559970.0,1187639.0,1.0,0.0
COOLW,125.64376953673984,1.0999999940395355,1.3253012480800168,158.33334109435495,21210.0,7507.0,0.0,0.0
ACMR,107.14650594905086,321527.6730861664,1.3133758655885328,55.130792024634346,1589900.0,1206064.0,0.0,0.0
TLPH,107.20473185504558,2042.7000442743301,1.309523878792248,44.30379173805706,59460.0,44460.0,1.0,0.0
GLUE,109.08877884984314,4425.229830265045,1.3070489522058761,37.1886155720086,172680.0,152099.0,0.0,1.0
INSG,111.25863953997441,13080.84030675888,1.3048128614965917,34.99999837441881,90910.0,106094.0,0.0,0.0
AENT,116.72923951232683,98.68999898433685,1.2990653435104638,103.5595178242753,17760.0,17508.0,1.0,0.0
AXTI,111.23533319474241,3813.599935054779,1.2903225133052945,99.59676496754335,984560.0,942785.0,0.0,0.0
OCTO,109.55213233231989,1941.535926103592,1.2744720527449596,51.13871709704901,210270.0,92983.0,0.0,0.0
AAME,105.13546017915331,53.969998598098755,1.272277206687901,33.0143581606177,7290.0,13423.0,0.0,0.0
WORX,122.40045891730544,49.30000162124634,1.271929882349841,49.35065511440892,13373340.0,430479.0,0.0,1.0
NTRP,115.94253647808527,628.3199882507324,1.2704626355655704,43.08176400054971,129020.0,18885.0,0.0,0.0
CALC,107.80502378643237,950.0400066375732,1.2697673944088517,37.33332951863606,35160.0,6196.0,1.0,0.0
AEON,112.71320014467565,1753.0600471496582,1.2644874004106468,90.82568471669668,169100.0,60507.0,0.0,0.0
SCX,101.24636534744569,1956.0999822616577,1.2632632807504605,31.15161825972685,227720.0,38259.0,0.0,1.0
RDZN,103.74818225048428,4452.659821033478,1.2608695552019078,58.19347914602373,8840.0,4497.0,1.0,0.0
HMST,103.16011956786329,43764.21978569031,1.2584814038517196,45.885767726294546,112650.0,57892.0,0.0,1.0
OSAAW,104.52380962560035,0.0,1.2500000465661298,62.500001940255345,1080.0,7252.0,1.0,0.0
COCH,145.8461773369841,357.75000631809235,1.2499999724052582,77.03350237477463,241750.0,121284.0,0.0,0.0
DRCT,113.87453901112292,32238.17876815796,1.2479165693952017,93.6764662777265,239140.0,211787.0,0.0,0.0
ELUT,107.0111675308655,1628.0000686645508,1.2446483777985202,53.73830843808989,19740.0,9358.0,1.0,0.0
ORGS,109.41924817716668,221.03000169992447,1.2400000095367432,100.0,51020.0,32785.0,0.0,1.0
PACK,107.26839026591799,24975.719900131226,1.2389610646968956,31.652176898458727,1930640.0,574719.0,0.0,0.0
PTIX,112.34400428719637,77.07999980449677,1.2368421176463944,84.52380960828323,18640.0,11581.0,0.0,1.0
STIM,109.19469095996237,7624.500105381012,1.2234043011896327,54.94505456117446,138960.0,100125.0,0.0,0.0
STRC,136.16468372531244,68.75000149011612,1.2222222810910088,231.2499895226208,1193000.0,936607.0,0.0,1.0
ROOT,119.15468942807261,4783.830227851868,1.2202217002256788,385.19854414901005,809940.0,404063.0,0.0,0.0
OPTN,108.15847032227917,5127.520133972168,1.2166666501098216,31.45161150769563,1465000.0,769705.0,0.0,0.0
HRTX,107.35646617020029,422307.3015537262,1.2129628617822428,67.79661359406178,4193570.0,1263186.0,0.0,0.0
CURI,109.5870480128718,506.86998307704926,1.2108695028240615,63.636355754757886,4032160.0,2613851.0,0.0,1.0
MRVI,106.52240047091458,80906.39848709106,1.2094861570684654,31.927716943137668,3131780.0,3569781.0,0.0,1.0
GSIT,116.48838786838158,6131.269948482513,1.207446801427696,40.07352583471264,358730.0,148059.0,0.0,1.0
ESOA,106.37366473847149,18555.39946079254,1.2073578205958406,44.77876401953969,88110.0,76017.0,0.0,1.0
CMPX,108.85766631978764,1556.7399892807007,1.2043478427627365,33.96226853623816,452090.0,217903.0,0.0,0.0
JANX,112.88863056817671,6024.90992641449,1.2028241247038742,278.6398502694724,536500.0,241851.0,0.0,0.0
DWACU,104.26626568537591,4939.5,1.2010796468650755,145.42844401981816,1790.0,7038.0,1.0,1.0
REAL,110.64074555126832,28734.719357728958,1.199999955296517,66.27634511351907,3034190.0,2064736.0,0.0,1.0
DWAC,109.95231119560398,5781937.931259155,1.195175483543053,103.30213798349897,2535910.0,9800622.0,1.0,0.0
DRRX,108.60515088742504,3495.960010290146,1.1911764615650409,129.41176058099336,172420.0,121604.0,0.0,0.0
CSPI,114.37406831507207,31193.820695877075,1.190452501614275,105.85608102985091,172600.0,60805.0,1.0,0.0
KRYS,105.90032427789677,231529.1944885254,1.1891290219032484,31.65184047210384,458250.0,202949.0,0.0,0.0
SIGA,105.2674347544061,15974.419819355011,1.1877933499800981,58.40867805654978,1977370.0,1234097.0,0.0,1.0
STTK,106.87736556582936,14429.939832687378,1.1877255580228163,42.770632519976445,400920.0,277656.0,1.0,0.0
MNPR,119.04037904617427,25.69000095129013,1.1877023652532295,79.68749781721274,280560.0,187530.0,1.0,0.0
AIRI,106.06612531296138,754.7199592590332,1.1843575032059974,58.16994258475352,9250.0,2183.0,1.0,1.0
ABEO,108.57615738347303,4560.080219268799,1.1840796645438714,49.50883900554068,489790.0,171367.0,0.0,1.0
CTNT,115.1213959842962,178.35000276565552,1.182692369413096,32.60869922018984,19400.0,11019.0,1.0,1.0
WGS,111.48785660968146,13065.489556312561,1.18245613976382,183.22367647100344,276690.0,174301.0,0.0,1.0
RZLT,109.48231709191994,367.81501293182373,1.1793478461570457,122.22222810910088,264380.0,249550.0,0.0,1.0
AISP,127.22838665813578,2801.3400760889053,1.179104480267527,170.1149300864925,4081080.0,2108245.0,0.0,0.0
ABL,103.73013525695794,3831.1900730133057,1.1774510248492938,36.25140910466785,28890.0,13515.0,1.0,0.0
BTOG,115.97848105349347,33460.140651226044,1.1760000228881835,53.15068511046618,266170.0,148237.0,1.0,1.0
ALRN,106.37015801595903,1857.830053806305,1.1730280038692968,91.95045735769327,27020.0,65982.0,0.0,1.0
SOUN,118.82269276496503,129167.69837915897,1.1728394880034614,188.26288904201405,115202960.0,84667831.0,0.0,0.0
JNVR,106.2878165406364,524.3999934196472,1.1692307259674384,39.42308662205794,9870.0,8749.0,0.0,1.0
SKGRW,114.49905870626547,0.0,1.1666666977107532,576.4705637437676,10170.0,9000.0,0.0,1.0
APRE,109.90333266059098,798.0399837493896,1.1659750384660168,67.6712253604203,139780.0,5202.0,1.0,0.0
VTVT,117.76937932608125,2018.6500358581543,1.163956642192903,146.86044884347035,30930.0,33629.0,0.0,1.0
SGH,102.80675012697445,190545.53458595276,1.162997936204786,36.43492695492525,1670970.0,668873.0,0.0,1.0
CXAI,129.59742007250253,7086.25,1.157407361416171,74.45256179457141,4614790.0,647895.0,0.0,0.0
GERN,109.95460827621386,127726.5553150177,1.1555555437817981,43.29004436237066,30952170.0,6853361.0,0.0,1.0
SRTS,108.61661535369794,9067.5199508667,1.1540983724453155,50.79999923706055,211150.0,144611.0,1.0,1.0
TREE,106.68778394168325,156837.2385635376,1.1537396351482359,31.67622944517245,279020.0,135120.0,0.0,0.0
FREE,99.45565882616805,4359.040084838867,1.152941166570855,39.30636180694269,544830.0,487248.0,0.0,0.0
MEDS,125.38411223147084,102.0,1.1517614997549264,391.0240705493325,193910.0,107368.0,0.0,1.0
ANNX,111.72840007620366,21818.160281181335,1.1502591134423426,54.1950209981359,2970570.0,5153447.0,0.0,0.0
APEI,107.68475730777942,20719.81972885132,1.1487685010475384,48.14410393967448,146770.0,104731.0,0.0,1.0
NCMI,104.96368717283151,10315.199531555176,1.147540904582216,32.15961999886275,1581500.0,1594172.0,0.0,1.0
CAPR,108.2346429270031,14141.279735565186,1.1460674127203814,32.91666376921877,492460.0,740720.0,0.0,0.0
PXLW,105.49645987752616,3498.669977903366,1.143939341258523,106.56933677781468,366250.0,240339.0,0.0,0.0
HYLN,109.18562774181714,19283.040082097054,1.1428571254796958,41.904769257353344,1012510.0,644778.0,0.0,0.0
DIBS,106.46326024307709,1975.0,1.140250795670993,43.69158396940399,141340.0,56333.0,0.0,0.0
ASPI,110.17761138618327,12131.34986281395,1.1396396120650538,154.9450402616264,775120.0,747941.0,0.0,1.0
GRTX,111.07177965959083,1111.701964855194,1.1383647840001634,81.39535635897846,408720.0,361105.0,0.0,0.0
MAPS,106.66824846404997,4077.899891972542,1.1378002103569211,54.36241191913675,554550.0,1780962.0,1.0,0.0
DUOT,107.13987861353263,2244.0600728988647,1.1353591887972243,77.58620434510448,35490.0,69957.0,0.0,0.0
WHLRP,106.04496442182338,78.11999940872192,1.1351351119144313,30.76923923379602,8280.0,2411.0,0.0,0.0
MINM,118.6980727613292,440.37999629974365,1.1349999904632568,216.66666977107533,1002570.0,101690.0,0.0,1.0
AEYE,108.76884050109857,2118.690047264099,1.1349557823204606,139.64366987489237,138340.0,164284.0,0.0,1.0
FGEN,112.94980447541971,24671.950727701187,1.1345029321301794,223.30827000277407,1725340.0,1552640.0,0.0,1.0
LEE,106.46943424417252,1563.660005569458,1.1333333602447784,73.4317365681778,49850.0,67725.0,0.0,1.0
CELU,113.6550610423105,3708.6,1.132075430957311,207.10058470391095,100350.0,67721.0,0.0,0.0
PWFL,105.66142010188354,3841.460034132004,1.129824609248667,49.50495883109113,1326830.0,1774379.0,0.0,1.0
VINC,120.85962987304077,779.7599902153015,1.1287128677813167,445.65216194141135,721230.0,368667.0,0.0,0.0
KROS,104.5177769037387,365860.7940673828,1.1269461238334526,63.69284293999009,447790.0,260152.0,0.0,0.0
ARQT,109.07199796860714,380550.2352247238,1.1259258587719077,209.99999846181558,4611750.0,3328486.0,0.0,0.0
KURA,104.42859637666866,3159779.0083465576,1.123782220800789,52.748031898056915,1237310.0,886556.0,0.0,1.0
ORIC,106.58282248529258,47850.46100616455,1.1198559598609088,51.85589606032552,808800.0,283480.0,0.0,0.0
ARQ,109.80113592004093,2225.7399859428406,1.1185184917005169,138.16794059846342,474450.0,210021.0,0.0,0.0
CLSD,111.52649432428828,440.3400068283081,1.1181818112854132,48.69565857380698,729860.0,239845.0,0.0,1.0
CRVO,111.19783011529552,459.51001167297363,1.1178659751621098,224.44443879304112,26380.0,28383.0,0.0,0.0
EDUC,109.9187377500334,363.27999544143677,1.117647033042974,118.08510186338704,65020.0,32788.0,0.0,1.0
PRPL,111.41545651172315,30627.049149274826,1.1171366393827804,53.38042240627019,1226810.0,621791.0,0.0,0.0
LFMD,106.5802370276739,29481.91963005066,1.1135530917998855,30.751170713514014,1323780.0,663644.0,0.0,1.0
TCON,124.43923272705642,2361.711014315486,1.1132075931446783,147.02701701309852,11650050.0,10057578.0,0.0,1.0
ALGS,111.12984281001445,806.6099972128868,1.112903213401739,34.14634717606833,505550.0,235366.0,0.0,1.0
BAND,105.43401924794385,36424.740096092224,1.1123076952420747,32.409378570347954,344380.0,180465.0,0.0,1.0
GRPH,107.98323141689792,11173.231047172547,1.1115385062797363,32.49999602635684,1039510.0,299406.0,0.0,1.0
EQ,113.40744824478051,684.8000102043152,1.1111110835163693,347.6190404106249,188230.0,281844.0,0.0,0.0
THMO,108.2216196877278,137.60000205039978,1.1111110835163693,30.645160670086945,17360.0,21750.0,1.0,0.0
IPSC,108.66793936573676,4386.060121536255,1.110215075988551,53.81943237174488,123810.0,108433.0,0.0,0.0
PESI,105.92719228136916,4082.5401287078857,1.1100917614664336,42.85713764390872,54590.0,29725.0,0.0,1.0
CCCC,107.96908215191947,233027.8580083847,1.1100000381469726,55.9772352330001,3173010.0,1192650.0,0.0,0.0
BYRN,107.25900736365679,9480.599842071533,1.1098545754527778,115.23076570951021,179420.0,260067.0,0.0,1.0
ASMB,104.65920233489227,6025.110042095184,1.1097560881055493,31.91056240809739,14690.0,20409.0,0.0,1.0
CTMX,111.04882804365899,8017.1998500823975,1.108695635272785,42.56755864210955,947840.0,287756.0,0.0,1.0
ADTH,109.69938135689358,9629.919900894165,1.1075697139252503,133.3333362127848,477130.0,277962.0,0.0,1.0
FDMT,105.28126221193676,115733.44524002075,1.106471811058595,58.117639878216906,698390.0,295573.0,0.0,0.0
INDP,110.80746342626793,18.98599946498871,1.106410265815329,30.7778956953688,30660.0,12685.0,0.0,1.0
TNYA,109.58050560380393,40120.80104827881,1.1060606243050641,47.962373214009446,801660.0,474426.0,0.0,0.0
OCEA,136.97463722007186,188.5999960899353,1.1057692484037418,606.6666004392862,1140920.0,486168.0,0.0,0.0
UNCY,110.86132316946468,1695.359962105751,1.103448245150203,144.99999503294646,390170.0,359330.0,1.0,0.0
OCGN,111.20405369436594,15770.118110179901,1.1030303001111899,215.99229388880116,10386710.0,31628225.0,0.0,1.0
MBRX,110.48244272364785,2654.652152299881,1.1021739562821966,780.4012202027368,25999.0,97141.0,0.0,0.0
VERI,122.97024612806256,6426.915202617645,1.1000000505736387,138.72548905027594,9091020.0,8313128.0,0.0,1.0
BCLI,113.77193961380254,1289.6400512456894,1.1,147.82607935101427,1106890.0,1719337.0,1.0,1.0
ENTA,104.6213874006344,23026.30072593689,1.0990009200661561,54.39153912239557,214110.0,164838.0,0.0,1.0
KPTI,111.11949442066678,3323.099951982498,1.098535289244044,56.35545421052508,989690.0,782485.0,0.0,0.0
EML,103.74454131598708,1267.350019454956,1.098099925012455,39.73033776443996,15800.0,18381.0,0.0,0.0
WAVD,118.64981732222617,204.47000181674957,1.0952380836531306,121.71052156888211,1072000.0,177275.0,0.0,0.0
CADL,106.69521608835517,77.46999883651733,1.0948276012675235,31.578949019519264,45310.0,30353.0,1.0,1.0
SCTL,102.46324474508319,115.84999802708626,1.0937500058207663,247.13375699452888,1306950.0,1123859.0,0.0,0.0
NPCE,106.42418922943115,14939.729573249817,1.0921932928403448,40.30303917713509,87140.0,42993.0,1.0,0.0
QMCO,112.00331739470573,1114.9200443029404,1.0909090909090908,68.57142394902746,426160.0,176639.0,0.0,0.0
DNTH,107.83906472706512,17826.3591632843,1.0909090803297536,177.73913507876188,188850.0,300026.0,0.0,0.0
XBIT,105.66698743720514,3313.1599860191345,1.0904704467371742,90.83969141477765,68050.0,68040.0,0.0,1.0
IPX,104.43503014429498,56472.89802360535,1.0899999618530274,59.72295583954534,29020.0,36182.0,1.0,1.0
HUYA,106.23580311408621,49859.700894355774,1.0887371960885357,32.440474648831064,2519750.0,1024989.0,0.0,0.0
MTNB,112.2890904423536,1349.8439787626266,1.0883978073393408,37.623756168029324,3087280.0,22097423.0,0.0,0.0
IDN,106.6754141946934,595.7000076770782,1.088235277618092,61.90476010265623,1428640.0,13755840.0,0.0,0.0
EGY,103.65432861558838,28675.86074924469,1.0868486070498773,30.720346410087856,2066170.0,1256077.0,0.0,1.0
LQDA,104.1669685257695,231829.3880662918,1.0855086221689028,43.975901092974794,977720.0,669035.0,0.0,1.0
WT,101.51300944450949,41680.67868232727,1.0854572246333358,30.47336384902941,1237160.0,917752.0,0.0,0.0
IONM,116.33577697485794,1311.9410122931004,1.0853080903419994,71.03448488482687,5149550.0,240035.0,0.0,0.0
NOTV,110.99303374882017,5540.700076580048,1.084905652596997,206.6282494407985,493790.0,536882.0,0.0,1.0
LCUT,105.35542634311139,4026.1899223327637,1.0835615946217996,59.06822055804385,108870.0,44184.0,0.0,1.0
TIL,103.22391743692292,19219.230491638184,1.0835604048291088,57.25916326399892,16070.0,42917.0,0.0,0.0
VIRX,110.72106135913384,290.67998933792114,1.08333331781129,79.62962778998018,97310.0,126155.0,0.0,0.0
AAP,103.2846487402523,976561.1564331055,1.0829058764012842,40.774794343227086,3044840.0,1256373.0,0.0,1.0
MNKD,105.41420000472645,74660.81145310402,1.082018922462369,35.53718791140339,3435190.0,2243765.0,0.0,1.0
RUM,107.70039715614568,1726214.4278302193,1.0819047292073567,45.79999923706055,4972100.0,2578586.0,0.0,0.0
GALT,105.125803007173,2420.040040254593,1.0817610015739374,50.61728703941155,114750.0,155940.0,0.0,1.0
CYTK,104.43423014702662,1409060.5821533203,1.0817568541417955,47.495076611907834,4068940.0,1411838.0,1.0,0.0
PSTG,103.2573309861274,1769364.6620635986,1.0814853003321678,46.96116543828552,4382080.0,4153175.0,0.0,0.0
LXRX,108.83754352905481,162464.3017911911,1.0812499958090485,60.28369106125607,6761570.0,3242743.0,1.0,0.0
BV,102.19504805766202,25617.171337127686,1.0800493326804814,33.37223701511724,810600.0,660035.0,0.0,1.0
TAYD,105.29129340762087,2907.200035095215,1.0799726635093507,88.00000129862035,18970.0,15874.0,0.0,1.0
LTRN,117.3664213704986,943.2639923095703,1.0797435545372704,161.02940729607616,643650.0,494610.0,0.0,1.0
ATER,116.46020661983034,670.1329862177372,1.0793103536867785,792.7613833487152,158705.0,540190.0,0.0,0.0
NUVB,108.25129264979594,8286.919927716255,1.0789473725487981,53.999996185302734,1131370.0,1285666.0,0.0,0.0
PODC,114.06960646842957,309.6000051498413,1.0776942831376066,41.5094309915806,76770.0,61591.0,0.0,0.0
RGLS,115.31975481776247,126.25,1.077586237903725,108.52714238505821,18224660.0,696149.0,0.0,1.0
KLG,102.13488193491219,75373.60260009766,1.0771104534473779,41.69207556967685,1375250.0,1023698.0,0.0,1.0
SKIN,108.69206059296499,81265.19834518433,1.0766283738399816,32.40740584029855,4755270.0,2735765.0,0.0,1.0
FEMY,114.50072701830065,3359.8700912594795,1.0762942673083071,79.45945353817999,909140.0,550150.0,0.0,0.0
MOD,104.17253601169723,801495.628616333,1.0743333180745442,67.26219906408976,1307330.0,1003387.0,0.0,0.0
DTST,112.04664338282349,4149.900087118149,1.0743243330320882,139.7959201878414,263270.0,280179.0,0.0,1.0
SRZN,104.9847667158347,614.3999862670898,1.0741258357904897,58.256878075039076,9920.0,3877.0,0.0,1.0
MLYS,104.8667456299591,13883.870317459106,1.0740343944904636,57.35294598884108,182590.0,163428.0,1.0,0.0
GLSI,110.37427711114194,1434.5300254821777,1.0737500190734863,76.43885828373784,70850.0,51274.0,0.0,0.0
GEO,102.42753763732779,454538.08826446533,1.0735694322528315,31.121079692791987,3793790.0,2427566.0,0.0,1.0
CDXC,111.5758468589216,661.3800172805786,1.073529428522067,143.83560614819447,762210.0,618738.0,0.0,1.0
SGMO,112.83705712723801,3724.1599798202515,1.0731707352531021,45.8333341094355,2518040.0,6570000.0,1.0,0.0
RDNT,103.60325864890856,171060.20553588867,1.0728100507508802,33.77889479158379,807620.0,1488519.0,0.0,1.0
ATXS,107.93501329734303,31917.5,1.0705289595395266,101.73333485921223,1621070.0,539339.0,0.0,0.0
NEXI,109.70506232554929,6200.459794521332,1.0702478646759832,158.71558228322527,50910.0,16555.0,1.0,1.0
SYRA,111.69586727253693,278.76000505685806,1.0697674434722726,63.8095339734002,82180.0,110675.0,1.0,0.0
ADVM,109.69909110474634,3954.1500663757324,1.069411782657399,100.74999332427979,294427.0,576482.0,1.0,0.0
CELH,105.55981641882644,1941597.8407745361,1.0689445998894618,74.61755949432748,3861640.0,1836182.0,0.0,1.0
MAX,103.6688078695152,28295.539491653442,1.068791920266427,74.02597445490495,315360.0,205490.0,0.0,1.0
RGTI,113.88383797538795,18207.360557556152,1.068627503687307,55.238101833802254,9161290.0,5463321.0,0.0,0.0
CAVA,104.28245787354717,790747.3625221252,1.0678571644486217,55.159817964036804,2843010.0,1451142.0,0.0,1.0
GOSS,108.3557438267926,2107.6200062036514,1.067193674337342,55.529961875686816,1516210.0,1088757.0,0.0,0.0
UGRO,109.36287892807644,1316.5200276374817,1.0663983724854416,66.15385885069402,96240.0,284124.0,1.0,0.0
KINS,106.04888396141695,516.2000169754028,1.066176494435249,66.66667685549521,25940.0,33268.0,0.0,0.0
LYFT,104.23565652044059,794013.5024309158,1.0658683049959892,31.592690920372924,14433000.0,14444211.0,0.0,1.0
GMGI,106.35703928639823,1235.0999743938446,1.0648147504270837,41.70213016356327,41170.0,49018.0,0.0,0.0
APGE,107.18784573911945,155758.70680999756,1.0646736676488524,120.24461209304474,1084750.0,937976.0,0.0,1.0
HOWL,107.53046289130117,3217.719910621643,1.064599485114425,72.23795957460992,199910.0,69815.0,1.0,0.0
PYXS,113.00947109027668,14798.820494413376,1.0644067980167131,129.31034411885082,914280.0,1056767.0,0.0,0.0
VERB,126.3650877596592,657.6850064843893,1.0640000104904175,98.25580181456284,92682660.0,25659058.0,0.0,0.0
APP,103.17519693323285,1675014.30311203,1.0638664295575981,76.31188283818754,4775730.0,5230365.0,0.0,1.0
DSP,106.44803896867101,4467.250204086304,1.063694329033315,37.9729717103472,177320.0,126463.0,0.0,1.0
ULBI,104.41254165402935,3525.0000953674316,1.0633484267035134,30.08474770330168,85580.0,22955.0,0.0,1.0
VGAS,111.82869520946721,937.4399929046631,1.0632911825360898,59.09090564270657,26050.0,2506.0,1.0,1.0
PI,103.15702535086437,316962.54051208496,1.0624218207682203,41.076773246897844,387600.0,144946.0,0.0,1.0
ELEV,113.00279143490486,23901.074079036713,1.0622317535083345,900.0000264909539,590540.0,464915.0,0.0,1.0
NTNX,102.41132101469069,1112106.6829986572,1.0617260968596738,36.45987205781475,2623150.0,2839277.0,0.0,1.0
XOMA,103.78078584717419,5153.400192260742,1.0612350948180893,32.26666259765625,26030.0,38513.0,0.0,0.0
SONN,110.09147396945151,109.80999886989594,1.0610687377173476,41.72186214700827,415480.0,51256.0,0.0,1.0
XOS,110.27519950028488,968.0,1.0610079629276183,53.805780092461355,10820.0,19104.0,0.0,0.0
CROX,102.01468247368359,1198091.3635101318,1.0603174280237269,46.45294683203387,1310580.0,1095531.0,0.0,1.0
HEAR,104.93708143836852,19763.699741363525,1.0599999861283735,60.276486435411634,1012290.0,320531.0,0.0,0.0
JVA,104.8858471183788,332.7700163125992,1.0594060025300696,57.77777718908991,30460.0,26771.0,0.0,1.0
NGM,101.75863520117383,9327.150164723396,1.0588235679107285,72.41378990270785,1118750.0,1554911.0,1.0,0.0
EVER,106.14418674780022,39897.60059452057,1.0582885413924212,43.894661379774206,452270.0,234338.0,0.0,1.0
ACTG,101.84545633955777,4360.0,1.0582010662104167,30.576441746722626,481040.0,471789.0,0.0,1.0
COLL,102.38837353534412,85037.23843383789,1.0574345637618612,31.479650527756625,645870.0,288178.0,0.0,0.0
RLMD,108.90848856927929,4868.369986772537,1.0572289340484646,48.17073707031684,283470.0,267361.0,1.0,0.0
SWIM,107.4734549977437,7991.000187397003,1.056277107212606,32.36364017833363,395780.0,201025.0,0.0,1.0
PIK,132.84780929779046,131.8200044631958,1.056250020023435,87.99077336601228,3618030.0,111464.0,0.0,0.0
ORN,106.89423652771298,2425.249915122986,1.0562015446567252,90.12344685753038,416340.0,835615.0,0.0,1.0
LUNR,113.85543453614193,26988.72107243538,1.05600004196167,163.37448228584347,4930790.0,10624584.0,1.0,0.0
BNTC,108.08064684530197,193.79999351501465,1.0555555015925036,46.449693540436776,10010.0,8696.0,0.0,0.0
CRDF,117.82413889211337,1410.5599822998047,1.055555500366072,277.41936029678345,1960260.0,2681737.0,0.0,1.0
STXS,105.78847576086639,4527.599794387817,1.0552763289289795,44.25287222449603,212410.0,186252.0,1.0,1.0
TCRX,107.14162076423268,5457.239850997925,1.0538793118951864,34.789927980757255,152580.0,527770.0,0.0,0.0
KOD,108.70842553410525,23367.52005958557,1.0535211435979002,105.59210784299886,934690.0,1611438.0,0.0,0.0
YTEN,115.35761429663182,160.80000239610672,1.0526316078415872,72.72727149577179,12355390.0,5711464.0,1.0,0.0
CLRO,109.30938774525359,256.0,1.0526315921561542,114.28571529939875,16402970.0,221283.0,0.0,0.0
CDLX,108.27843702884219,32863.37968969345,1.0520832815931924,70.60085986226159,3577410.0,1702897.0,0.0,1.0
ATOS,109.24089309069782,2284.200006723404,1.0519480811019521,98.80952490768198,2406000.0,1859874.0,0.0,1.0
TARS,106.55340740236021,257428.2029724121,1.0517310460733627,66.71627413065679,593060.0,401756.0,1.0,0.0
AIRG,109.75359559656314,1069.1400117874146,1.0516717563115703,46.17485735436289,44500.0,15969.0,0.0,0.0
CART,103.28113174269377,842976.774066925,1.0512928815873668,55.105413928943335,3231500.0,1970572.0,0.0,1.0
HIMS,105.95556719830861,339344.50407218933,1.0511463209981364,87.91715434105656,5184030.0,3465776.0,0.0,1.0
PAY,105.24491314246553,33812.87983703613,1.0511287837074943,30.032997760281745,644090.0,167230.0,0.0,0.0
LASE,119.51751173453621,587.0999836921692,1.0510203585134164,31.205678555778576,1282770.0,2077098.0,0.0,0.0
HCI,101.96167960733857,177816.6658706665,1.0505938833793513,39.37544117793265,236390.0,284950.0,0.0,1.0
AKBA,108.90445757540277,28163.730548143387,1.0500000383172723,82.35293881939131,5860120.0,7851290.0,0.0,1.0
QRTEA,108.54862840931558,13953.239564359188,1.0499999515712268,33.333328765927625,3040570.0,2102607.0,1.0,0.0
RYAN,101.12152258982728,232538.88720703125,1.0497512990847437,31.564051098766015,938350.0,628260.0,0.0,1.0
NKTX,110.87505053662636,87191.50200366974,1.0493047219780098,70.55449414461295,921170.0,3370905.0,0.0,1.0
PRAX,107.16678992720479,61586.63772583008,1.0490831544801709,136.89533629769198,157480.0,151365.0,0.0,0.0
FRPT,102.56363724859183,389005.423828125,1.048490734548083,33.841326520604646,550660.0,788883.0,0.0,1.0
APLT,110.35920071995493,55197.28077697754,1.0483558987061388,123.50993518646149,1141720.0,1082860.0,0.0,1.0
SMLP,104.46331310009091,3261.9998931884766,1.0482004515488412,50.417820904752645,134170.0,917096.0,0.0,1.0
FATE,109.66767015524515,210709.27610254288,1.0477272803625783,77.68817426552177,3169000.0,1994164.0,0.0,0.0
PNTG,102.82887566743095,23031.68067932129,1.0458221225191293,38.537274212412235,129930.0,83331.0,0.0,1.0
HCWB,108.66015633761677,26.449999451637268,1.0454545011205132,54.86725729067666,41740.0,8251.0,0.0,1.0
CVNA,106.8188345179053,1982008.6524353027,1.0452883474369643,60.45556429776774,4713270.0,2841739.0,0.0,0.0
NTWK,102.10586113007716,353.5999870300293,1.0452260873055286,37.019231210093544,24020.0,29580.0,0.0,0.0
PLTR,103.24967121027602,7154042.25,1.0449157381480538,36.76470524775466,49628810.0,25118357.0,0.0,0.0
PEGA,101.75015596068432,91449.87912750244,1.0441784275427946,30.233489006881527,463230.0,369903.0,1.0,0.0
BLZE,104.92872878851527,32530.050770759583,1.0440985928541715,34.108532576110974,289370.0,174600.0,0.0,1.0
PLMR,101.92585223611957,83210.80253601074,1.0439618180283987,43.33332797937226,225560.0,120741.0,0.0,0.0
NLOP,102.60453574350194,50828.79936218262,1.0437768451142813,30.590827285848256,321250.0,90048.0,1.0,0.0
TRAK,103.7920679032392,14361.920185089111,1.043171784550611,64.0535352278265,69950.0,217698.0,0.0,1.0
RSI,105.26223855318777,59077.71915435791,1.0430527953901139,47.747744554900976,1717340.0,4437088.0,0.0,1.0
AUVIP,116.94409063366493,277.02000761032104,1.0429185177362963,166.09442112785703,5860.0,7630.0,0.0,0.0
ZFOX,100.10329954391037,562.1000146865845,1.0428571878647326,40.35088164832691,573870.0,183932.0,1.0,0.0
HIPO,108.55823439198356,7773.950163841248,1.0426267134274703,86.27026532147381,145490.0,103492.0,0.0,0.0
TSHA,112.10365239440283,24175.620470523834,1.0425532364604242,92.30768579648873,5134430.0,3042242.0,1.0,1.0
LPCN,108.47577962599455,177.09999561309814,1.0425128142720599,37.88395460087226,38400.0,16892.0,0.0,0.0
IOVA,106.44124307751251,353460.6044063568,1.0422343237513754,68.95387938927514,7555110.0,3643184.0,0.0,0.0
NTRA,102.9242384168409,443786.04412841797,1.0420902408579047,50.92365940545849,1729970.0,452270.0,0.0,0.0
GENK,108.24205293604263,1217.520034790039,1.041612505758165,61.607142793787574,148820.0,118765.0,1.0,1.0
LABP,106.16281964220155,168.35000705718994,1.0411900022630671,118.10585267152673,9170.0,6882.0,0.0,1.0
CIX,108.0012061455087,1872.5500583648682,1.0411153518670653,42.2044026344803,21710.0,10525.0,0.0,1.0
SNSE,108.92233001732461,55.62600177526474,1.0409836492732385,74.6268549165157,84770.0,170696.0,0.0,1.0
SPRY,104.79034523094506,30528.300547599792,1.0407830334963706,56.419517004503916,894930.0,769084.0,0.0,0.0
IBKR,100.79891233221655,966116.604309082,1.040693678170661,30.498072228665208,983290.0,661573.0,0.0,0.0
LIFE,106.46572624056185,1937.3199520111084,1.0405405013556028,33.56164361191727,654380.0,347225.0,1.0,1.0
GBIO,108.88733210675696,5189.399862527847,1.0404623887115834,79.9999935562547,264900.0,200004.0,0.0,1.0
DELL,103.40747865457527,3045202.3466949463,1.0400049857890794,45.76623099190848,7825410.0,4587300.0,0.0,1.0
NSYS,103.1218178624824,209.0,1.0382514094056263,47.10743101427595,11970.0,25343.0,1.0,1.0
JSPR,108.34255762919555,3391.200059890747,1.0379625629890217,405.7093162840131,137940.0,55776.0,0.0,1.0
IMNM,107.54248229237355,45868.07908630371,1.0372375910639493,139.37007933143676,464980.0,646083.0,0.0,1.0
BARK,107.29032063558546,5728.242094397545,1.036994225309138,53.01204897146439,658860.0,590026.0,0.0,0.0
ARLO,103.56757212518207,46908.61773490906,1.03699277586025,33.192841392802684,1251670.0,788419.0,0.0,1.0
SRPT,102.39464511141495,1563220.6758728027,1.0365580077689838,32.42654360772221,720740.0,627876.0,1.0,1.0
OSS,110.51646145518804,296.51000142097473,1.0364583614670366,54.28572174643207,133180.0,125450.0,0.0,0.0
PCT,109.32268919494474,79950.24023532867,1.0351437351673942,53.2828311411267,2018480.0,1633362.0,1.0,1.0
GHM,102.13458752193272,4264.079883575439,1.0349206275520249,39.91662133524937,44420.0,117868.0,0.0,1.0
BYSI,117.81190169612886,1518.2999597787857,1.0344827255463724,243.2343185848008,197720.0,117528.0,0.0,0.0
OMI,102.03328839391574,121961.1847858429,1.0342465560699212,32.20859568722719,686850.0,344305.0,0.0,0.0
CLRB,106.17705415303594,63719.03801059723,1.0338461215679462,55.17242733782444,1088600.0,1155700.0,0.0,1.0
IBRX,108.97423030276012,96185.62215566635,1.0336538535015591,30.81897298111098,4584470.0,5260073.0,0.0,1.0
CBAY,99.18211534052075,262386.55438041687,1.033469007267766,37.9193231187994,3514410.0,8354629.0,0.0,1.0
DSGN,106.22268365170677,2955.6799149513245,1.0334075953260187,40.74073648910635,335340.0,937825.0,1.0,1.0
NN,110.68926222899086,39578.969601631165,1.0326975158213787,39.729126344952626,1874600.0,1867044.0,0.0,1.0
AHCO,104.78709636387806,45942.80037879944,1.031970283366069,56.0734507035234,1016310.0,733772.0,0.0,1.0
REFR,107.16636209720923,198.0,1.0309278046442463,35.48386890028983,35740.0,10181.0,0.0,0.0
DASH,101.83796777331034,4508680.915603638,1.030892108279688,37.43241002838293,3278810.0,1387017.0,0.0,0.0
SE,103.78519654429775,2750123.6224250793,1.0303109511395387,39.131543033778435,5634480.0,3709969.0,0.0,0.0
SLE,109.78112243989699,1740.800048828125,1.0303030740897305,31.249997460029327,44120.0,38627.0,1.0,1.0
VZIO,100.04238844515719,48444.89909410477,1.0303030365582733,40.8268726208967,3658180.0,4935176.0,0.0,0.0
AQST,113.80327373424528,10484.930460214615,1.0301724886532793,119.0000057220459,3764710.0,2124871.0,0.0,0.0
SERA,106.34933303251617,11071.30967950821,1.0295138181773629,57.23270110175622,191110.0,576065.0,0.0,0.0
BDTX,108.12509479504347,4219.59992814064,1.0294117363472715,91.97323587993878,599650.0,815919.0,1.0,0.0
XFOR,109.24561582823841,11221.920445919037,1.028571486959653,73.1909901816372,4504530.0,12670108.0,1.0,1.0
HOOD,104.16141874055307,740268.8287353516,1.028544261103863,41.42194613980409,18059970.0,11007002.0,0.0,0.0
SEZL,112.6218940216815,5534.79008102417,1.0282801912090358,291.08446789747336,55030.0,148134.0,0.0,1.0
GHSI,102.7588975587294,87.55000162124634,1.02794408385024,65.27273004705255,28130.0,58778.0,1.0,1.0
MRSN,109.50594150419406,44774.65163707733,1.0279146259498377,115.59631492381051,2926690.0,734929.0,0.0,0.0
FLXS,103.62527830249473,10684.079818725586,1.0278095063709078,85.93095019176734,27930.0,31327.0,0.0,1.0
OSCR,104.58230219618285,417110.87502765656,1.0272407260830343,45.788333329557084,2498090.0,2885195.0,1.0,0.0
MLP,102.4891075779536,4978.0,1.027027027027027,34.35737029117322,32550.0,36176.0,0.0,1.0
FBIOP,101.86722588656076,3640.0,1.0262887967094885,38.6183954285228,10980.0,3230.0,0.0,1.0
VXRT,106.632072894273,10201.600152015686,1.0256410785445584,109.99999006589294,1529750.0,1799216.0,1.0,1.0
VKTX,112.15441750340835,614735.5718650818,1.0253346407606418,263.3751581485045,5565190.0,2010724.0,0.0,1.0
POWL,105.7162098703375,115516.16864776611,1.0251671011391288,62.512595597216205,550190.0,409365.0,1.0,0.0
DXPE,102.97041103454896,12228.299423217773,1.0250316546751286,52.04405936416333,150660.0,91077.0,0.0,1.0
CRAI,102.42589187827444,22846.64045715332,1.024273229375547,41.36668618027115,28070.0,22415.0,0.0,0.0
VITL,102.77186538670662,30361.44007873535,1.0236604144255819,51.751479912801514,627370.0,467242.0,0.0,1.0
MGNX,107.40354575074274,91526.12087249756,1.0234442099690109,43.22453050404283,1787720.0,838481.0,0.0,0.0
NRBO,108.6800601451339,399.0999913215637,1.0233333110809326,33.93393814806181,73200.0,22600.0,1.0,1.0
ELMD,104.02532362601957,1600.540018081665,1.0232323742195042,67.2815458560398,38910.0,28935.0,0.0,0.0
PASG,113.12666665106374,1679.580027937889,1.0225921442781065,45.093943577048925,863010.0,116413.0,0.0,0.0
FIXX,104.43873651388722,3115.0289724469185,1.0224138134795908,62.52189244231867,248580.0,225867.0,0.0,0.0
SPIR,111.62680156623763,8943.60004901886,1.0220264459071653,52.085966688191654,1810290.0,1948557.0,0.0,1.0
RDW,106.08988758221672,3482.6999175548553,1.0217391097778483,48.83721040756508,431800.0,494438.0,0.0,1.0
CATX,108.72594861577001,3159.52006149292,1.0208333760189523,195.34882786081843,4955990.0,2312279.0,0.0,1.0
NKTR,108.46217751768937,2121.5999603271484,1.0199999809265137,75.0000114624321,995840.0,762320.0,0.0,1.0
JAN,119.40191495943813,105.56999802589417,1.0199999809265137,317.74191842739106,184890.0,115434.0,0.0,1.0
VSTM,106.03473533186228,16704.270709991455,1.0198863664585531,49.75124401714668,192590.0,275440.0,1.0,1.0
PSN,100.95440064056716,214708.79500579834,1.0197419027967962,30.879310474507342,717660.0,477431.0,0.0,1.0
RAIL,104.27115540358317,197.25000858306885,1.0193799194625712,45.34884150745604,85110.0,42398.0,0.0,1.0
DARE,111.12849318440689,877.532040387392,1.0193548777845223,40.588229467712125,254100.0,117688.0,0.0,0.0
DKNG,102.86577740941516,9045984.084663391,1.0193479870419595,32.77075042447227,10128740.0,9509344.0,0.0,1.0
GPS,103.80083428416562,667819.8558273315,1.0193443681459464,30.97014563549448,12304710.0,8614941.0,0.0,1.0
SANA,108.60535777981126,127658.7241191864,1.0191571619710842,101.09888428493608,1492030.0,984195.0,0.0,0.0
TRVI,109.5109860187827,1385.7300395965576,1.019084043098801,151.04895425522577,345420.0,228016.0,0.0,1.0
GANX,105.87923790749876,2727.1799840927124,1.018691570737232,51.49253140475245,117230.0,245454.0,0.0,0.0
SILK,105.57846547457228,122350.79843902588,1.0183923364084781,51.25914057290646,729940.0,372569.0,1.0,1.0
COHR,103.18040127483576,1274688.0,1.0182435430947505,39.33523841479891,1984600.0,2251423.0,0.0,1.0
CREX,106.93793492219844,1219.5399751663208,1.0181159248148737,58.33333491017581,75230.0,74883.0,1.0,0.0
SNDA,114.6094379699859,117.0,1.0180995299378213,207.6359681644374,62300.0,20227.0,0.0,1.0
GIFI,105.28218459763208,892.9800453186035,1.0180587818607694,63.1701646210834,138100.0,252524.0,0.0,0.0
ATNM,107.94961992296423,7772.430233001709,1.018000030517578,59.999996682871945,787700.0,1767164.0,1.0,1.0
JYNT,106.09239997124547,8075.400295257568,1.017886173986991,36.67018524596457,126400.0,41696.0,0.0,1.0
SNCR,108.97040933673952,1360.7200355529785,1.017421669940284,52.88965821214627,108300.0,30084.0,1.0,0.0
NXTC,110.42164082480133,656.3699759244919,1.017391288122743,65.2173926564381,549880.0,1018844.0,0.0,1.0
FIP,103.72478939119473,21856.59939289093,1.0172838744512547,44.15887322048114,668460.0,419553.0,0.0,1.0
TILE,102.76765805151086,26004.160568237305,1.0166389186063598,34.165375759591946,720720.0,424558.0,0.0,1.0
PEPG,108.84716734909816,516.0399971008301,1.0164670862786178,110.5932204531354,120250.0,41232.0,0.0,1.0
SPHR,103.2242795005444,217677.56017303467,1.016184265187582,31.812934907431924,575860.0,598936.0,0.0,0.0
FFNW,100.2583181942091,4876.560035705566,1.0160897084360514,48.84225867622825,27810.0,15443.0,1.0,1.0
ALLO,107.31881470065959,50443.08137011528,1.0160772322898495,38.311699169002864,3618130.0,1482894.0,0.0,0.0
EOLS,103.8437128943914,37378.82036781311,1.015720550932248,37.686947031710005,762120.0,636610.0,0.0,0.0
NRIX,107.6762754213719,26627.789934635162,1.0156862593546567,38.63636005381561,1133210.0,529659.0,0.0,0.0
TARA,109.08738045777646,569.3300082683563,1.0154639023221232,119.67212495374126,94280.0,85256.0,1.0,1.0
NRG,102.0630544087363,2582561.0194091797,1.015021468649565,32.198378967677336,5475350.0,2120687.0,0.0,1.0
XPO,101.81882028056191,776764.8689651489,1.014979438053334,39.16998928820172,1160940.0,796771.0,0.0,0.0
VANI,116.32306542159195,681.6249841451645,1.0148514711252672,76.99115118934475,365380.0,148233.0,0.0,1.0
MNMD,113.08735751957231,16365.49978017807,1.0142857006617956,152.71317886766082,3127220.0,3649641.0,0.0,1.0
EVBG,99.52700527153173,53529.83889770508,1.0136798555807471,40.93117529583594,771550.0,344884.0,0.0,1.0
ANF,103.4295889400575,1382017.5930175781,1.0133876056380653,47.41153868459769,1819780.0,991524.0,0.0,1.0
ACET,106.3823735581843,18775.200746059418,1.012658316986067,31.927716943137668,1918390.0,940219.0,1.0,0.0
CRBP,112.57581756484608,1031.610028743744,1.012096794609638,547.0370001786374,370230.0,184862.0,0.0,0.0
DYN,106.46869969803474,83070.07551574707,1.0119331057792094,123.24111164201913,1605040.0,539883.0,0.0,1.0
YMAB,106.25750209250523,19188.779537200928,1.011727042146609,118.73314522043373,356340.0,338763.0,1.0,1.0
VMEO,105.93957772280358,29355.8003783226,1.0109289510696688,35.749995708465576,4454730.0,3750579.0,0.0,0.0
FTAI,102.22807189692926,509084.1767578125,1.010904105208809,38.152607721653375,966860.0,904441.0,0.0,1.0
EWTX,104.69584045578647,156141.43688964844,1.0108874935506633,70.69326910323764,1134370.0,505283.0,1.0,1.0
VERA,106.45469978019746,162813.32437896729,1.0106888541297383,156.57072074147405,807700.0,1116263.0,1.0,0.0
COYA,106.98563908759435,1249.9200496673584,1.0105263897586751,35.944057865488844,206890.0,219768.0,0.0,0.0
KYMR,103.87968112479086,174081.80530548096,1.0097479299336922,51.713863596148066,930930.0,323323.0,0.0,0.0
PUBM,103.99015377906686,88571.48724746704,1.0095955714999498,38.77306710277053,670070.0,404097.0,0.0,0.0
ACR,102.72621492583399,4005.640175819397,1.009503711726518,37.84901570357396,40560.0,28661.0,0.0,1.0
TPC,104.1289825856295,9442.709704399109,1.0094674468061333,53.43680100011038,546860.0,355213.0,0.0,1.0
IESC,102.92573805876324,48476.34036254883,1.0092752905557607,38.46247792083267,120720.0,42015.0,0.0,1.0
BOF,114.85258464575634,51.06000065803528,1.0090909002241026,56.538473882619186,23100.0,6130.0,1.0,0.0
INBK,102.6735541110269,21372.059940338135,1.008487067859733,37.887947685907875,48000.0,76273.0,1.0,0.0
THC,101.71599144407348,527760.9101104736,1.0082278674161886,32.84301413324983,1343220.0,611639.0,0.0,1.0
KRUS,103.82867285262112,67064.25,1.0081093466358158,49.88333375861719,96540.0,140850.0,1.0,1.0
VRT,103.32068339614892,4229667.115562439,1.0080152319983786,68.40170886595884,9483420.0,5842543.0,0.0,1.0
SG,105.0203086357736,106846.0,1.0078662657921245,118.1739143703295,2671490.0,1815875.0,0.0,1.0
BLBD,102.76404860548271,99508.4972190857,1.0077519041450649,30.77754115578321,442700.0,405424.0,0.0,1.0
ARIS,103.76629325793509,10427.340439796448,1.0074257945771339,58.33332213997341,396320.0,167595.0,0.0,1.0
LRMR,108.0136466852097,2743.480134487152,1.0070588728960823,79.77778116861978,791680.0,779852.0,1.0,0.0
CNM,101.56815200767693,3502539.967071533,1.0064789014356588,45.30469274443453,3767570.0,2567458.0,0.0,1.0
AZZ,101.561465584185,59318.69849395752,1.006362981340433,35.38086968079596,173820.0,275132.0,1.0,1.0
FULC,107.01003800988906,17594.19949913025,1.0060060004158364,46.293492904252034,675800.0,1197866.0,0.0,0.0
ADMA,103.49811312017492,109615.30414009094,1.0059761374347282,44.26604975314382,2793250.0,2860708.0,0.0,1.0
CLSK,115.32557790411097,1227562.7898044586,1.0057553903526304,66.26917238776497,38305840.0,31626847.0,1.0,0.0
CCLP,102.92328663464679,307.699990272522,1.0055555504045368,37.50000088697391,256560.0,266153.0,0.0,1.0
TALK,103.79197640237187,13406.260471343994,1.004629625030506,40.0,1725050.0,3032765.0,0.0,1.0
VTYX,114.50517799985207,22902.600445747375,1.0046130512849247,183.89830962230153,2332250.0,1336608.0,0.0,0.0
TGAN,99.77234872213982,20049.329683303833,1.0041580002420865,30.933329264322918,261080.0,393954.0,0.0,0.0
SHAK,102.42876304284505,486570.3283691406,1.004103012369485,42.94870899150666,907700.0,898976.0,0.0,0.0
RNA,107.29486411687728,78526.6388206482,1.003952565445194,152.93490984418875,1423460.0,715597.0,0.0,0.0
BWXT,101.33211092713282,231919.37649536133,1.0037275771601646,33.15153625646495,728320.0,482709.0,0.0,1.0
CGEM,104.54861810722784,32225.0,1.0036130129722678,72.52862139475617,514140.0,205982.0,1.0,1.0
NBSE,111.44480289715473,503.645238404274,1.003333290285536,43.90602456796698,131709.0,33202.0,0.0,1.0
SWTX,104.63943401785232,189711.3515625,1.0031675743303599,40.34264394263682,1075560.0,449365.0,0.0,0.0
ALSN,100.81862242220909,204854.99572753906,1.0029129226725053,35.51097255288674,547170.0,482505.0,0.0,1.0
VST,103.2071325367024,752588.3112182617,1.0024275258662998,80.86386114662008,6561150.0,5575841.0,0.0,1.0
SFM,101.3738229571328,731980.992275238,1.0022458271004415,32.67264708471334,1497150.0,1031064.0,0.0,0.0
HCMA,128.5273893414945,255.375,1.0017809847354355,30.51305533826297,12064.0,5179.0,1.0,0.0
TNC,101.68400475258133,61982.701263427734,1.0015609252518407,31.600003629117403,145560.0,110970.0,0.0,1.0
TRIP,101.76141428857115,254004.53640174866,1.0014178018365711,33.02282430990978,1946020.0,1428709.0,0.0,0.0
KAMN,99.29293484065099,399107.53593826294,1.0,88.74226992892235,310120.0,188282.0,0.0,1.0
XPDBU,113.14059196931228,0.0,1.0,66.63551627605682,1364.0,1.0,0.0,0.0
XPDB,124.36863951831599,0.0,1.0,80.97014118738677,123931.0,12678.0,1.0,0.0
OCUL,106.41666585778782,18181.341037750244,1.0,116.173122089759,2814340.0,1417890.0,0.0,1.0
KPLT,106.70543034106844,2467.5,1.0,33.52272437870016,24720.0,2970.0,0.0,0.0
EVTV,111.064686422109,47.945000410079956,1.0,126.7716659601717,58300.0,136226.0,1.0,1.0
ESP,102.29440728525768,1595.439947128296,1.0,35.46666463216146,9450.0,6250.0,1.0,1.0
AMPGW,102.8340950499658,1.0000000149011612,1.0,38.181814487315386,3160.0,1000.0,0.0,0.0
ALPN,104.51309384516554,79919.3577003479,1.0,94.55984910249433,1588420.0,827544.0,0.0,1.0
INZY,105.9285716973083,14421.879264831543,1.0,30.33708852434002,660390.0,531591.0,1.0,0.0
